feature_selection_method,n_feature_to_select,model_name,sn,sp,acc,mcc,auc
RFE_MLR,1,DT,0.3125,0.45454545454545453,0.37037037037037035,-0.1256463380045133,0.3835227272727273
RFE_MLR,1,SVM,0.4375,0.45454545454545453,0.4444444444444444,-0.059213309367202295,0.4460227272727273
RFE_MLR,1,KNN,0.4375,0.45454545454545453,0.4444444444444444,-0.059213309367202295,0.4460227272727273
RFE_MLR,2,DT,0.3125,0.45454545454545453,0.37037037037037035,-0.1256463380045133,0.3835227272727273
RFE_MLR,2,SVM,0.4375,0.45454545454545453,0.4444444444444444,-0.059213309367202295,0.4460227272727273
RFE_MLR,2,KNN,1.0,0.0,0.5925925925925926,,0.5
RFE_MLR,3,DT,0.3125,0.36363636363636365,0.3333333333333333,-0.18698275763527653,0.3380681818181818
RFE_MLR,3,SVM,0.5,0.36363636363636365,0.4444444444444444,-0.08257228238447704,0.43181818181818177
RFE_MLR,3,KNN,0.875,0.09090909090909091,0.5555555555555556,-0.06527912098338669,0.48295454545454547
RFE_MLR,4,DT,0.6875,0.2727272727272727,0.5185185185185185,-0.03125498365364782,0.48011363636363635
RFE_MLR,4,SVM,0.6875,0.2727272727272727,0.5185185185185185,-0.03125498365364782,0.48011363636363635
RFE_MLR,4,KNN,0.5,0.5454545454545454,0.5185185185185185,0.02414022747926338,0.5227272727272727
RFE_MLR,5,DT,0.625,0.2727272727272727,0.48148148148148145,-0.07537783614444091,0.44886363636363635
RFE_MLR,5,SVM,0.5625,0.2727272727272727,0.4444444444444444,-0.11569312604606714,0.41761363636363635
RFE_MLR,5,KNN,0.6875,0.18181818181818182,0.48148148148148145,-0.12259041190447599,0.43465909090909083
RFE_MLR,6,DT,0.375,0.36363636363636365,0.37037037037037035,-0.15205469203753422,0.3693181818181818
RFE_MLR,6,SVM,0.6875,0.2727272727272727,0.5185185185185185,-0.03125498365364782,0.48011363636363635
RFE_MLR,6,KNN,0.5,0.2727272727272727,0.4074074074074074,-0.1538643637241659,0.38636363636363635
RFE_MLR,7,DT,0.375,0.45454545454545453,0.4074074074074074,-0.09231861823449955,0.4147727272727273
RFE_MLR,7,SVM,0.625,0.2727272727272727,0.48148148148148145,-0.07537783614444091,0.44886363636363635
RFE_MLR,7,KNN,0.4375,0.2727272727272727,0.37037037037037035,-0.1910232943645853,0.35511363636363635
RFE_MLR,8,DT,0.5,0.45454545454545453,0.48148148148148145,-0.025482359571881278,0.4772727272727273
RFE_MLR,8,SVM,0.75,0.2727272727272727,0.5555555555555556,0.019462473604038074,0.5113636363636364
RFE_MLR,8,KNN,0.5625,0.36363636363636365,0.48148148148148145,-0.04629648418672792,0.4630681818181819
RFE_MLR,9,DT,0.4375,0.45454545454545453,0.4444444444444444,-0.059213309367202295,0.4460227272727273
RFE_MLR,9,SVM,0.6875,0.2727272727272727,0.5185185185185185,-0.03125498365364782,0.48011363636363635
RFE_MLR,9,KNN,0.5,0.36363636363636365,0.4444444444444444,-0.08257228238447704,0.43181818181818177
RFE_MLR,10,DT,0.4375,0.45454545454545453,0.4444444444444444,-0.059213309367202295,0.4460227272727273
RFE_MLR,10,SVM,0.6875,0.2727272727272727,0.5185185185185185,-0.03125498365364782,0.48011363636363635
RFE_MLR,10,KNN,0.625,0.36363636363636365,0.5185185185185185,-0.007463517925331652,0.4943181818181818
RFE_MLR,11,DT,0.5625,0.36363636363636365,0.48148148148148145,-0.04629648418672792,0.4630681818181819
RFE_MLR,11,SVM,0.75,0.18181818181818182,0.5185185185185185,-0.06978631577988531,0.4659090909090909
RFE_MLR,11,KNN,0.625,0.36363636363636365,0.5185185185185185,-0.007463517925331652,0.4943181818181818
RFE_MLR,12,DT,0.5625,0.45454545454545453,0.5185185185185185,0.009869275424396534,0.5085227272727273
RFE_MLR,12,SVM,0.6875,0.18181818181818182,0.48148148148148145,-0.12259041190447599,0.43465909090909083
RFE_MLR,12,KNN,0.625,0.2727272727272727,0.48148148148148145,-0.07537783614444091,0.44886363636363635
RFE_MLR,13,DT,0.4375,0.2727272727272727,0.37037037037037035,-0.1910232943645853,0.35511363636363635
RFE_MLR,13,SVM,0.625,0.45454545454545453,0.5555555555555556,0.048167164724278275,0.5397727272727273
RFE_MLR,13,KNN,0.6875,0.2727272727272727,0.5185185185185185,-0.03125498365364782,0.48011363636363635
RFE_MLR,14,DT,0.375,0.2727272727272727,0.3333333333333333,-0.22803983095539362,0.32386363636363635
RFE_MLR,14,SVM,0.625,0.36363636363636365,0.5185185185185185,-0.007463517925331652,0.4943181818181818
RFE_MLR,14,KNN,0.5,0.2727272727272727,0.4074074074074074,-0.1538643637241659,0.38636363636363635
RFE_MLR,15,DT,0.3125,0.45454545454545453,0.37037037037037035,-0.1256463380045133,0.3835227272727273
RFE_MLR,15,SVM,0.5,0.45454545454545453,0.48148148148148145,-0.025482359571881278,0.4772727272727273
RFE_MLR,15,KNN,0.5,0.5454545454545454,0.5185185185185185,0.02414022747926338,0.5227272727272727
RFE_MLR,16,DT,0.375,0.36363636363636365,0.37037037037037035,-0.15205469203753422,0.3693181818181818
RFE_MLR,16,SVM,0.5625,0.18181818181818182,0.4074074074074074,-0.21367608086182116,0.3721590909090909
RFE_MLR,16,KNN,0.375,0.45454545454545453,0.4074074074074074,-0.09231861823449955,0.4147727272727273
RFE_MLR,17,DT,0.5,0.6363636363636364,0.5555555555555556,0.06978631577988531,0.5681818181818182
RFE_MLR,17,SVM,0.5,0.2727272727272727,0.4074074074074074,-0.1538643637241659,0.38636363636363635
RFE_MLR,17,KNN,0.5,0.6363636363636364,0.5555555555555556,0.06978631577988531,0.5681818181818182
RFE_MLR,18,DT,0.5,0.45454545454545453,0.48148148148148145,-0.025482359571881278,0.4772727272727273
RFE_MLR,18,SVM,0.5625,0.2727272727272727,0.4444444444444444,-0.11569312604606714,0.41761363636363635
RFE_MLR,18,KNN,0.375,0.45454545454545453,0.4074074074074074,-0.09231861823449955,0.4147727272727273
RFE_MLR,19,DT,0.625,0.45454545454545453,0.5555555555555556,0.048167164724278275,0.5397727272727273
RFE_MLR,19,SVM,0.625,0.36363636363636365,0.5185185185185185,-0.007463517925331652,0.4943181818181818
RFE_MLR,19,KNN,0.4375,0.6363636363636364,0.5185185185185185,0.03722377385696935,0.5369318181818182
RFE_MLR,20,DT,0.625,0.36363636363636365,0.5185185185185185,-0.007463517925331652,0.4943181818181818
RFE_MLR,20,SVM,0.5625,0.36363636363636365,0.48148148148148145,-0.04629648418672792,0.4630681818181819
RFE_MLR,20,KNN,0.4375,0.5454545454545454,0.48148148148148145,-0.008883363181483767,0.4914772727272727
RFE_MLR,21,DT,0.5,0.45454545454545453,0.48148148148148145,-0.025482359571881278,0.4772727272727273
RFE_MLR,21,SVM,0.5,0.36363636363636365,0.4444444444444444,-0.08257228238447704,0.43181818181818177
RFE_MLR,21,KNN,0.3125,0.45454545454545453,0.37037037037037035,-0.1256463380045133,0.3835227272727273
RFE_MLR,22,DT,0.5625,0.5454545454545454,0.5555555555555556,0.05906206184211177,0.5539772727272727
RFE_MLR,22,SVM,0.4375,0.36363636363636365,0.4074074074074074,-0.11751584892036795,0.40056818181818177
RFE_MLR,22,KNN,0.375,0.45454545454545453,0.4074074074074074,-0.09231861823449955,0.4147727272727273
RFE_MLR,23,DT,0.5625,0.45454545454545453,0.5185185185185185,0.009869275424396534,0.5085227272727273
RFE_MLR,23,SVM,0.4375,0.45454545454545453,0.4444444444444444,-0.059213309367202295,0.4460227272727273
RFE_MLR,23,KNN,0.375,0.36363636363636365,0.37037037037037035,-0.15205469203753422,0.3693181818181818
RFE_MLR,24,DT,0.5625,0.45454545454545453,0.5185185185185185,0.009869275424396534,0.5085227272727273
RFE_MLR,24,SVM,0.5,0.45454545454545453,0.48148148148148145,-0.025482359571881278,0.4772727272727273
RFE_MLR,24,KNN,0.5,0.45454545454545453,0.48148148148148145,-0.025482359571881278,0.4772727272727273
RFE_MLR,25,DT,0.5625,0.5454545454545454,0.5555555555555556,0.05906206184211177,0.5539772727272727
RFE_MLR,25,SVM,0.5,0.45454545454545453,0.48148148148148145,-0.025482359571881278,0.4772727272727273
RFE_MLR,25,KNN,0.5,0.5454545454545454,0.5185185185185185,0.02414022747926338,0.5227272727272727
RFE_MLR,26,DT,0.5625,0.5454545454545454,0.5555555555555556,0.05906206184211177,0.5539772727272727
RFE_MLR,26,SVM,0.5,0.45454545454545453,0.48148148148148145,-0.025482359571881278,0.4772727272727273
RFE_MLR,26,KNN,0.4375,0.5454545454545454,0.48148148148148145,-0.008883363181483767,0.4914772727272727
RFE_MLR,27,DT,0.5625,0.45454545454545453,0.5185185185185185,0.009869275424396534,0.5085227272727273
RFE_MLR,27,SVM,0.5,0.36363636363636365,0.4444444444444444,-0.08257228238447704,0.43181818181818177
RFE_MLR,27,KNN,0.5,0.36363636363636365,0.4444444444444444,-0.08257228238447704,0.43181818181818177
RFE_MLR,28,DT,0.5625,0.45454545454545453,0.5185185185185185,0.009869275424396534,0.5085227272727273
RFE_MLR,28,SVM,0.5,0.36363636363636365,0.4444444444444444,-0.08257228238447704,0.43181818181818177
RFE_MLR,28,KNN,0.5,0.36363636363636365,0.4444444444444444,-0.08257228238447704,0.43181818181818177
RFE_MLR,29,DT,0.5625,0.45454545454545453,0.5185185185185185,0.009869275424396534,0.5085227272727273
RFE_MLR,29,SVM,0.4375,0.36363636363636365,0.4074074074074074,-0.11751584892036795,0.40056818181818177
RFE_MLR,29,KNN,0.5,0.36363636363636365,0.4444444444444444,-0.08257228238447704,0.43181818181818177
RFE_MLR,30,DT,0.625,0.45454545454545453,0.5555555555555556,0.048167164724278275,0.5397727272727273
RFE_MLR,30,SVM,0.5,0.36363636363636365,0.4444444444444444,-0.08257228238447704,0.43181818181818177
RFE_MLR,30,KNN,0.4375,0.45454545454545453,0.4444444444444444,-0.059213309367202295,0.4460227272727273
RFE_MLR,31,DT,0.5,0.45454545454545453,0.48148148148148145,-0.025482359571881278,0.4772727272727273
RFE_MLR,31,SVM,0.5,0.45454545454545453,0.48148148148148145,-0.025482359571881278,0.4772727272727273
RFE_MLR,31,KNN,0.5,0.45454545454545453,0.48148148148148145,-0.025482359571881278,0.4772727272727273
RFE_MLR,32,DT,0.5625,0.45454545454545453,0.5185185185185185,0.009869275424396534,0.5085227272727273
RFE_MLR,32,SVM,0.5625,0.36363636363636365,0.48148148148148145,-0.04629648418672792,0.4630681818181819
RFE_MLR,32,KNN,0.5625,0.45454545454545453,0.5185185185185185,0.009869275424396534,0.5085227272727273
RFE_MLR,33,DT,0.5625,0.5454545454545454,0.5555555555555556,0.05906206184211177,0.5539772727272727
RFE_MLR,33,SVM,0.5,0.36363636363636365,0.4444444444444444,-0.08257228238447704,0.43181818181818177
RFE_MLR,33,KNN,0.375,0.36363636363636365,0.37037037037037035,-0.15205469203753422,0.3693181818181818
RFE_MLR,34,DT,0.4375,0.45454545454545453,0.4444444444444444,-0.059213309367202295,0.4460227272727273
RFE_MLR,34,SVM,0.4375,0.2727272727272727,0.37037037037037035,-0.1910232943645853,0.35511363636363635
RFE_MLR,34,KNN,0.5625,0.36363636363636365,0.48148148148148145,-0.04629648418672792,0.4630681818181819
RFE_MLR,35,DT,0.5625,0.45454545454545453,0.5185185185185185,0.009869275424396534,0.5085227272727273
RFE_MLR,35,SVM,0.4375,0.2727272727272727,0.37037037037037035,-0.1910232943645853,0.35511363636363635
RFE_MLR,35,KNN,0.5625,0.45454545454545453,0.5185185185185185,0.009869275424396534,0.5085227272727273
RFE_MLR,36,DT,0.4375,0.45454545454545453,0.4444444444444444,-0.059213309367202295,0.4460227272727273
RFE_MLR,36,SVM,0.3125,0.36363636363636365,0.3333333333333333,-0.18698275763527653,0.3380681818181818
RFE_MLR,36,KNN,0.5625,0.45454545454545453,0.5185185185185185,0.009869275424396534,0.5085227272727273
RFE_MLR,37,DT,0.5625,0.45454545454545453,0.5185185185185185,0.009869275424396534,0.5085227272727273
RFE_MLR,37,SVM,0.3125,0.36363636363636365,0.3333333333333333,-0.18698275763527653,0.3380681818181818
RFE_MLR,37,KNN,0.4375,0.36363636363636365,0.4074074074074074,-0.11751584892036795,0.40056818181818177
RFE_MLR,38,DT,0.4375,0.5454545454545454,0.48148148148148145,-0.008883363181483767,0.4914772727272727
RFE_MLR,38,SVM,0.4375,0.36363636363636365,0.4074074074074074,-0.11751584892036795,0.40056818181818177
RFE_MLR,38,KNN,0.625,0.2727272727272727,0.48148148148148145,-0.07537783614444091,0.44886363636363635
RFE_MLR,39,DT,0.5625,0.5454545454545454,0.5555555555555556,0.05906206184211177,0.5539772727272727
RFE_MLR,39,SVM,0.4375,0.36363636363636365,0.4074074074074074,-0.11751584892036795,0.40056818181818177
RFE_MLR,39,KNN,0.625,0.09090909090909091,0.4074074074074074,-0.3440511766019877,0.3579545454545454
RFE_MLR,40,DT,0.4375,0.6363636363636364,0.5185185185185185,0.03722377385696935,0.5369318181818182
RFE_MLR,40,SVM,0.375,0.2727272727272727,0.3333333333333333,-0.22803983095539362,0.32386363636363635
RFE_MLR,40,KNN,0.5625,0.09090909090909091,0.37037037037037035,-0.3987013265322016,0.32670454545454547
RFE_MLR,41,DT,0.5,0.8181818181818182,0.6296296296296297,0.15731330124142315,0.659090909090909
RFE_MLR,41,SVM,0.375,0.36363636363636365,0.37037037037037035,-0.15205469203753422,0.3693181818181818
RFE_MLR,41,KNN,0.5625,0.2727272727272727,0.4444444444444444,-0.11569312604606714,0.41761363636363635
RFE_MLR,42,DT,0.5,0.8181818181818182,0.6296296296296297,0.15731330124142315,0.659090909090909
RFE_MLR,42,SVM,0.375,0.36363636363636365,0.37037037037037035,-0.15205469203753422,0.3693181818181818
RFE_MLR,42,KNN,0.5,0.36363636363636365,0.4444444444444444,-0.08257228238447704,0.43181818181818177
RFE_MLR,43,DT,0.375,0.6363636363636364,0.48148148148148145,0.005698028822981898,0.5056818181818181
RFE_MLR,43,SVM,0.3125,0.2727272727272727,0.2962962962962963,-0.2656671642675309,0.29261363636363635
RFE_MLR,43,KNN,0.5,0.36363636363636365,0.4444444444444444,-0.08257228238447704,0.43181818181818177
RFE_MLR,44,DT,0.4375,0.7272727272727273,0.5555555555555556,0.08146581671430841,0.5823863636363636
RFE_MLR,44,SVM,0.375,0.2727272727272727,0.3333333333333333,-0.22803983095539362,0.32386363636363635
RFE_MLR,44,KNN,0.5,0.36363636363636365,0.4444444444444444,-0.08257228238447704,0.43181818181818177
RFE_MLR,45,DT,0.375,0.6363636363636364,0.48148148148148145,0.005698028822981898,0.5056818181818181
RFE_MLR,45,SVM,0.375,0.2727272727272727,0.3333333333333333,-0.22803983095539362,0.32386363636363635
RFE_MLR,45,KNN,0.5625,0.45454545454545453,0.5185185185185185,0.009869275424396534,0.5085227272727273
RFE_MLR,46,DT,0.5625,0.5454545454545454,0.5555555555555556,0.05906206184211177,0.5539772727272727
RFE_MLR,46,SVM,0.375,0.2727272727272727,0.3333333333333333,-0.22803983095539362,0.32386363636363635
RFE_MLR,46,KNN,0.625,0.36363636363636365,0.5185185185185185,-0.007463517925331652,0.4943181818181818
RFE_MLR,47,DT,0.5625,0.5454545454545454,0.5555555555555556,0.05906206184211177,0.5539772727272727
RFE_MLR,47,SVM,0.4375,0.2727272727272727,0.37037037037037035,-0.1910232943645853,0.35511363636363635
RFE_MLR,47,KNN,0.5625,0.2727272727272727,0.4444444444444444,-0.11569312604606714,0.41761363636363635
RFE_MLR,48,DT,0.5,0.5454545454545454,0.5185185185185185,0.02414022747926338,0.5227272727272727
RFE_MLR,48,SVM,0.4375,0.2727272727272727,0.37037037037037035,-0.1910232943645853,0.35511363636363635
RFE_MLR,48,KNN,0.5625,0.2727272727272727,0.4444444444444444,-0.11569312604606714,0.41761363636363635
RFE_MLR,49,DT,0.5,0.5454545454545454,0.5185185185185185,0.02414022747926338,0.5227272727272727
RFE_MLR,49,SVM,0.3125,0.2727272727272727,0.2962962962962963,-0.2656671642675309,0.29261363636363635
RFE_MLR,49,KNN,0.5625,0.2727272727272727,0.4444444444444444,-0.11569312604606714,0.41761363636363635
RFE_MLR,50,DT,0.3125,0.5454545454545454,0.4074074074074074,-0.07335195731453441,0.4289772727272727
RFE_MLR,50,SVM,0.3125,0.2727272727272727,0.2962962962962963,-0.2656671642675309,0.29261363636363635
RFE_MLR,50,KNN,0.5625,0.18181818181818182,0.4074074074074074,-0.21367608086182116,0.3721590909090909
RFE_MLR,51,DT,0.375,0.45454545454545453,0.4074074074074074,-0.09231861823449955,0.4147727272727273
RFE_MLR,51,SVM,0.375,0.2727272727272727,0.3333333333333333,-0.22803983095539362,0.32386363636363635
RFE_MLR,51,KNN,0.5625,0.09090909090909091,0.37037037037037035,-0.3987013265322016,0.32670454545454547
RFE_MLR,52,DT,0.5,0.7272727272727273,0.5925925925925926,0.11363636363636363,0.6136363636363635
RFE_MLR,52,SVM,0.375,0.2727272727272727,0.3333333333333333,-0.22803983095539362,0.32386363636363635
RFE_MLR,52,KNN,0.5,0.18181818181818182,0.37037037037037035,-0.25594534844449573,0.3409090909090909
RFE_MLR,53,DT,0.5,0.6363636363636364,0.5555555555555556,0.06978631577988531,0.5681818181818182
RFE_MLR,53,SVM,0.375,0.2727272727272727,0.3333333333333333,-0.22803983095539362,0.32386363636363635
RFE_MLR,53,KNN,0.625,0.2727272727272727,0.48148148148148145,-0.07537783614444091,0.44886363636363635
RFE_MLR,54,DT,0.5,0.7272727272727273,0.5925925925925926,0.11363636363636363,0.6136363636363635
RFE_MLR,54,SVM,0.375,0.2727272727272727,0.3333333333333333,-0.22803983095539362,0.32386363636363635
RFE_MLR,54,KNN,0.625,0.2727272727272727,0.48148148148148145,-0.07537783614444091,0.44886363636363635
RFE_MLR,55,DT,0.4375,0.6363636363636364,0.5185185185185185,0.03722377385696935,0.5369318181818182
RFE_MLR,55,SVM,0.375,0.2727272727272727,0.3333333333333333,-0.22803983095539362,0.32386363636363635
RFE_MLR,55,KNN,0.75,0.18181818181818182,0.5185185185185185,-0.06978631577988531,0.4659090909090909
RFE_MLR,56,DT,0.5,0.6363636363636364,0.5555555555555556,0.06978631577988531,0.5681818181818182
RFE_MLR,56,SVM,0.375,0.2727272727272727,0.3333333333333333,-0.22803983095539362,0.32386363636363635
RFE_MLR,56,KNN,0.625,0.2727272727272727,0.48148148148148145,-0.07537783614444091,0.44886363636363635
RFE_MLR,57,DT,0.5,0.7272727272727273,0.5925925925925926,0.11363636363636363,0.6136363636363635
RFE_MLR,57,SVM,0.4375,0.2727272727272727,0.37037037037037035,-0.1910232943645853,0.35511363636363635
RFE_MLR,57,KNN,0.75,0.36363636363636365,0.5925925925925926,0.08646430798325933,0.5568181818181819
RFE_MLR,58,DT,0.5625,0.5454545454545454,0.5555555555555556,0.05906206184211177,0.5539772727272727
RFE_MLR,58,SVM,0.4375,0.2727272727272727,0.37037037037037035,-0.1910232943645853,0.35511363636363635
RFE_MLR,58,KNN,0.75,0.2727272727272727,0.5555555555555556,0.019462473604038074,0.5113636363636364
RFE_MLR,59,DT,0.5,0.8181818181818182,0.6296296296296297,0.15731330124142315,0.659090909090909
RFE_MLR,59,SVM,0.4375,0.2727272727272727,0.37037037037037035,-0.1910232943645853,0.35511363636363635
RFE_MLR,59,KNN,0.75,0.2727272727272727,0.5555555555555556,0.019462473604038074,0.5113636363636364
RFE_MLR,60,DT,0.625,0.5454545454545454,0.5925925925925926,0.09731236802019037,0.5852272727272727
RFE_MLR,60,SVM,0.4375,0.2727272727272727,0.37037037037037035,-0.1910232943645853,0.35511363636363635
RFE_MLR,60,KNN,0.75,0.36363636363636365,0.5925925925925926,0.08646430798325933,0.5568181818181819
RFE_MLR,61,DT,0.625,0.6363636363636364,0.6296296296296297,0.1429923602493232,0.6306818181818182
RFE_MLR,61,SVM,0.4375,0.2727272727272727,0.37037037037037035,-0.1910232943645853,0.35511363636363635
RFE_MLR,61,KNN,0.625,0.36363636363636365,0.5185185185185185,-0.007463517925331652,0.4943181818181818
RFE_MLR,62,DT,0.5625,0.6363636363636364,0.5925925925925926,0.10453025125088636,0.5994318181818181
RFE_MLR,62,SVM,0.4375,0.2727272727272727,0.37037037037037035,-0.1910232943645853,0.35511363636363635
RFE_MLR,62,KNN,0.6875,0.2727272727272727,0.5185185185185185,-0.03125498365364782,0.48011363636363635
RFE_MLR,63,DT,0.4375,0.45454545454545453,0.4444444444444444,-0.059213309367202295,0.4460227272727273
RFE_MLR,63,SVM,0.4375,0.2727272727272727,0.37037037037037035,-0.1910232943645853,0.35511363636363635
RFE_MLR,63,KNN,0.6875,0.45454545454545453,0.5925925925925926,0.09140905301589132,0.5710227272727273
RFE_MLR,64,DT,0.4375,0.45454545454545453,0.4444444444444444,-0.059213309367202295,0.4460227272727273
RFE_MLR,64,SVM,0.375,0.2727272727272727,0.3333333333333333,-0.22803983095539362,0.32386363636363635
RFE_MLR,64,KNN,0.6875,0.45454545454545453,0.5925925925925926,0.09140905301589132,0.5710227272727273
RFE_MLR,65,DT,0.3125,0.45454545454545453,0.37037037037037035,-0.1256463380045133,0.3835227272727273
RFE_MLR,65,SVM,0.375,0.2727272727272727,0.3333333333333333,-0.22803983095539362,0.32386363636363635
RFE_MLR,65,KNN,0.75,0.45454545454545453,0.6296296296296297,0.14301938838683884,0.6022727272727273
RFE_MLR,66,DT,0.375,0.5454545454545454,0.4444444444444444,-0.04107709609613927,0.4602272727272727
RFE_MLR,66,SVM,0.375,0.2727272727272727,0.3333333333333333,-0.22803983095539362,0.32386363636363635
RFE_MLR,66,KNN,0.75,0.45454545454545453,0.6296296296296297,0.14301938838683884,0.6022727272727273
RFE_MLR,67,DT,0.3125,0.7272727272727273,0.48148148148148145,0.019886363636363636,0.5198863636363636
RFE_MLR,67,SVM,0.375,0.2727272727272727,0.3333333333333333,-0.22803983095539362,0.32386363636363635
RFE_MLR,67,KNN,0.6875,0.45454545454545453,0.5925925925925926,0.09140905301589132,0.5710227272727273
RFE_MLR,68,DT,0.375,0.7272727272727273,0.5185185185185185,0.050564989684743156,0.5511363636363636
RFE_MLR,68,SVM,0.375,0.2727272727272727,0.3333333333333333,-0.22803983095539362,0.32386363636363635
RFE_MLR,68,KNN,0.5625,0.45454545454545453,0.5185185185185185,0.009869275424396534,0.5085227272727273
RFE_MLR,69,DT,0.375,0.7272727272727273,0.5185185185185185,0.050564989684743156,0.5511363636363636
RFE_MLR,69,SVM,0.3125,0.2727272727272727,0.2962962962962963,-0.2656671642675309,0.29261363636363635
RFE_MLR,69,KNN,0.6875,0.5454545454545454,0.6296296296296297,0.14106098240681494,0.6164772727272727
RFE_MLR,70,DT,0.375,0.36363636363636365,0.37037037037037035,-0.15205469203753422,0.3693181818181818
RFE_MLR,70,SVM,0.3125,0.2727272727272727,0.2962962962962963,-0.2656671642675309,0.29261363636363635
RFE_MLR,70,KNN,0.75,0.45454545454545453,0.6296296296296297,0.14301938838683884,0.6022727272727273
RFE_MLR,71,DT,0.4375,0.6363636363636364,0.5185185185185185,0.03722377385696935,0.5369318181818182
RFE_MLR,71,SVM,0.375,0.2727272727272727,0.3333333333333333,-0.22803983095539362,0.32386363636363635
RFE_MLR,71,KNN,0.5,0.36363636363636365,0.4444444444444444,-0.08257228238447704,0.43181818181818177
RFE_MLR,72,DT,0.375,0.6363636363636364,0.48148148148148145,0.005698028822981898,0.5056818181818181
RFE_MLR,72,SVM,0.375,0.2727272727272727,0.3333333333333333,-0.22803983095539362,0.32386363636363635
RFE_MLR,72,KNN,0.75,0.36363636363636365,0.5925925925925926,0.08646430798325933,0.5568181818181819
RFE_MLR,73,DT,0.4375,0.6363636363636364,0.5185185185185185,0.03722377385696935,0.5369318181818182
RFE_MLR,73,SVM,0.375,0.2727272727272727,0.3333333333333333,-0.22803983095539362,0.32386363636363635
RFE_MLR,73,KNN,0.75,0.36363636363636365,0.5925925925925926,0.08646430798325933,0.5568181818181819
RFE_MLR,74,DT,0.5625,0.6363636363636364,0.5925925925925926,0.10453025125088636,0.5994318181818181
RFE_MLR,74,SVM,0.3125,0.2727272727272727,0.2962962962962963,-0.2656671642675309,0.29261363636363635
RFE_MLR,74,KNN,0.75,0.45454545454545453,0.6296296296296297,0.14301938838683884,0.6022727272727273
RFE_MLR,75,DT,0.375,0.8181818181818182,0.5555555555555556,0.09551164718229263,0.5965909090909091
RFE_MLR,75,SVM,0.375,0.2727272727272727,0.3333333333333333,-0.22803983095539362,0.32386363636363635
RFE_MLR,75,KNN,0.625,0.36363636363636365,0.5185185185185185,-0.007463517925331652,0.4943181818181818
RFE_MLR,76,DT,0.5,0.8181818181818182,0.6296296296296297,0.15731330124142315,0.659090909090909
RFE_MLR,76,SVM,0.375,0.2727272727272727,0.3333333333333333,-0.22803983095539362,0.32386363636363635
RFE_MLR,76,KNN,0.6875,0.36363636363636365,0.5555555555555556,0.03575484709670971,0.5255681818181819
RFE_MLR,77,DT,0.375,0.45454545454545453,0.4074074074074074,-0.09231861823449955,0.4147727272727273
RFE_MLR,77,SVM,0.375,0.2727272727272727,0.3333333333333333,-0.22803983095539362,0.32386363636363635
RFE_MLR,77,KNN,0.6875,0.45454545454545453,0.5925925925925926,0.09140905301589132,0.5710227272727273
RFE_MLR,78,DT,0.375,0.6363636363636364,0.48148148148148145,0.005698028822981898,0.5056818181818181
RFE_MLR,78,SVM,0.5,0.2727272727272727,0.4074074074074074,-0.1538643637241659,0.38636363636363635
RFE_MLR,78,KNN,0.625,0.36363636363636365,0.5185185185185185,-0.007463517925331652,0.4943181818181818
RFE_MLR,79,DT,0.4375,0.7272727272727273,0.5555555555555556,0.08146581671430841,0.5823863636363636
RFE_MLR,79,SVM,0.4375,0.2727272727272727,0.37037037037037035,-0.1910232943645853,0.35511363636363635
RFE_MLR,79,KNN,0.6875,0.45454545454545453,0.5925925925925926,0.09140905301589132,0.5710227272727273
RFE_MLR,80,DT,0.5625,0.6363636363636364,0.5925925925925926,0.10453025125088636,0.5994318181818181
RFE_MLR,80,SVM,0.5,0.2727272727272727,0.4074074074074074,-0.1538643637241659,0.38636363636363635
RFE_MLR,80,KNN,0.6875,0.45454545454545453,0.5925925925925926,0.09140905301589132,0.5710227272727273
RFE_MLR,81,DT,0.625,0.6363636363636364,0.6296296296296297,0.1429923602493232,0.6306818181818182
RFE_MLR,81,SVM,0.4375,0.2727272727272727,0.37037037037037035,-0.1910232943645853,0.35511363636363635
RFE_MLR,81,KNN,0.625,0.45454545454545453,0.5555555555555556,0.048167164724278275,0.5397727272727273
RFE_MLR,82,DT,0.4375,0.5454545454545454,0.48148148148148145,-0.008883363181483767,0.4914772727272727
RFE_MLR,82,SVM,0.4375,0.2727272727272727,0.37037037037037035,-0.1910232943645853,0.35511363636363635
RFE_MLR,82,KNN,0.75,0.36363636363636365,0.5925925925925926,0.08646430798325933,0.5568181818181819
RFE_MLR,83,DT,0.4375,0.8181818181818182,0.5925925925925926,0.1256297269074015,0.6278409090909091
RFE_MLR,83,SVM,0.4375,0.2727272727272727,0.37037037037037035,-0.1910232943645853,0.35511363636363635
RFE_MLR,83,KNN,0.6875,0.36363636363636365,0.5555555555555556,0.03575484709670971,0.5255681818181819
RFE_MLR,84,DT,0.4375,0.45454545454545453,0.4444444444444444,-0.059213309367202295,0.4460227272727273
RFE_MLR,84,SVM,0.4375,0.2727272727272727,0.37037037037037035,-0.1910232943645853,0.35511363636363635
RFE_MLR,84,KNN,0.75,0.36363636363636365,0.5925925925925926,0.08646430798325933,0.5568181818181819
RFE_MLR,85,DT,0.5,0.36363636363636365,0.4444444444444444,-0.08257228238447704,0.43181818181818177
RFE_MLR,85,SVM,0.5,0.2727272727272727,0.4074074074074074,-0.1538643637241659,0.38636363636363635
RFE_MLR,85,KNN,0.75,0.36363636363636365,0.5925925925925926,0.08646430798325933,0.5568181818181819
RFE_MLR,86,DT,0.5,0.8181818181818182,0.6296296296296297,0.15731330124142315,0.659090909090909
RFE_MLR,86,SVM,0.5,0.2727272727272727,0.4074074074074074,-0.1538643637241659,0.38636363636363635
RFE_MLR,86,KNN,0.6875,0.45454545454545453,0.5925925925925926,0.09140905301589132,0.5710227272727273
RFE_MLR,87,DT,0.5625,0.5454545454545454,0.5555555555555556,0.05906206184211177,0.5539772727272727
RFE_MLR,87,SVM,0.5,0.2727272727272727,0.4074074074074074,-0.1538643637241659,0.38636363636363635
RFE_MLR,87,KNN,0.6875,0.2727272727272727,0.5185185185185185,-0.03125498365364782,0.48011363636363635
RFE_MLR,88,DT,0.5,0.6363636363636364,0.5555555555555556,0.06978631577988531,0.5681818181818182
RFE_MLR,88,SVM,0.5625,0.2727272727272727,0.4444444444444444,-0.11569312604606714,0.41761363636363635
RFE_MLR,88,KNN,0.75,0.36363636363636365,0.5925925925925926,0.08646430798325933,0.5568181818181819
RFE_MLR,89,DT,0.4375,0.6363636363636364,0.5185185185185185,0.03722377385696935,0.5369318181818182
RFE_MLR,89,SVM,0.5625,0.2727272727272727,0.4444444444444444,-0.11569312604606714,0.41761363636363635
RFE_MLR,89,KNN,0.6875,0.45454545454545453,0.5925925925925926,0.09140905301589132,0.5710227272727273
RFE_MLR,90,DT,0.5,0.6363636363636364,0.5555555555555556,0.06978631577988531,0.5681818181818182
RFE_MLR,90,SVM,0.5625,0.2727272727272727,0.4444444444444444,-0.11569312604606714,0.41761363636363635
RFE_MLR,90,KNN,0.6875,0.2727272727272727,0.5185185185185185,-0.03125498365364782,0.48011363636363635
RFE_MLR,91,DT,0.5,0.7272727272727273,0.5925925925925926,0.11363636363636363,0.6136363636363635
RFE_MLR,91,SVM,0.5625,0.2727272727272727,0.4444444444444444,-0.11569312604606714,0.41761363636363635
RFE_MLR,91,KNN,0.5625,0.2727272727272727,0.4444444444444444,-0.11569312604606714,0.41761363636363635
RFE_MLR,92,DT,0.4375,0.5454545454545454,0.48148148148148145,-0.008883363181483767,0.4914772727272727
RFE_MLR,92,SVM,0.5625,0.2727272727272727,0.4444444444444444,-0.11569312604606714,0.41761363636363635
RFE_MLR,92,KNN,0.6875,0.2727272727272727,0.5185185185185185,-0.03125498365364782,0.48011363636363635
RFE_MLR,93,DT,0.5625,0.6363636363636364,0.5925925925925926,0.10453025125088636,0.5994318181818181
RFE_MLR,93,SVM,0.5625,0.2727272727272727,0.4444444444444444,-0.11569312604606714,0.41761363636363635
RFE_MLR,93,KNN,0.625,0.18181818181818182,0.4444444444444444,-0.16972865106406024,0.40340909090909083
RFE_MLR,94,DT,0.4375,0.8181818181818182,0.5925925925925926,0.1256297269074015,0.6278409090909091
RFE_MLR,94,SVM,0.5,0.2727272727272727,0.4074074074074074,-0.1538643637241659,0.38636363636363635
RFE_MLR,94,KNN,0.8125,0.2727272727272727,0.5925925925925926,0.08224396186997113,0.5426136363636364
RFE_MLR,95,DT,0.4375,0.7272727272727273,0.5555555555555556,0.08146581671430841,0.5823863636363636
RFE_MLR,95,SVM,0.5,0.2727272727272727,0.4074074074074074,-0.1538643637241659,0.38636363636363635
RFE_MLR,95,KNN,0.75,0.2727272727272727,0.5555555555555556,0.019462473604038074,0.5113636363636364
RFE_MLR,96,DT,0.4375,0.7272727272727273,0.5555555555555556,0.08146581671430841,0.5823863636363636
RFE_MLR,96,SVM,0.5,0.2727272727272727,0.4074074074074074,-0.1538643637241659,0.38636363636363635
RFE_MLR,96,KNN,0.6875,0.18181818181818182,0.48148148148148145,-0.12259041190447599,0.43465909090909083
RFE_MLR,97,DT,0.5625,0.5454545454545454,0.5555555555555556,0.05906206184211177,0.5539772727272727
RFE_MLR,97,SVM,0.5,0.2727272727272727,0.4074074074074074,-0.1538643637241659,0.38636363636363635
RFE_MLR,97,KNN,0.6875,0.2727272727272727,0.5185185185185185,-0.03125498365364782,0.48011363636363635
RFE_MLR,98,DT,0.25,0.8181818181818182,0.48148148148148145,0.03553345272593507,0.5340909090909091
RFE_MLR,98,SVM,0.4375,0.2727272727272727,0.37037037037037035,-0.1910232943645853,0.35511363636363635
RFE_MLR,98,KNN,0.625,0.18181818181818182,0.4444444444444444,-0.16972865106406024,0.40340909090909083
RFE_MLR,99,DT,0.5,0.8181818181818182,0.6296296296296297,0.15731330124142315,0.659090909090909
RFE_MLR,99,SVM,0.5,0.2727272727272727,0.4074074074074074,-0.1538643637241659,0.38636363636363635
RFE_MLR,99,KNN,0.6875,0.18181818181818182,0.48148148148148145,-0.12259041190447599,0.43465909090909083
RFE_MLR,100,DT,0.4375,0.7272727272727273,0.5555555555555556,0.08146581671430841,0.5823863636363636
RFE_MLR,100,SVM,0.5,0.2727272727272727,0.4074074074074074,-0.1538643637241659,0.38636363636363635
RFE_MLR,100,KNN,0.625,0.18181818181818182,0.4444444444444444,-0.16972865106406024,0.40340909090909083
RFE_MLR,101,DT,0.4375,0.8181818181818182,0.5925925925925926,0.1256297269074015,0.6278409090909091
RFE_MLR,101,SVM,0.5,0.45454545454545453,0.48148148148148145,-0.025482359571881278,0.4772727272727273
RFE_MLR,101,KNN,0.625,0.18181818181818182,0.4444444444444444,-0.16972865106406024,0.40340909090909083
RFE_MLR,102,DT,0.5625,0.6363636363636364,0.5925925925925926,0.10453025125088636,0.5994318181818181
RFE_MLR,102,SVM,0.5,0.2727272727272727,0.4074074074074074,-0.1538643637241659,0.38636363636363635
RFE_MLR,102,KNN,0.6875,0.18181818181818182,0.48148148148148145,-0.12259041190447599,0.43465909090909083
RFE_MLR,103,DT,0.625,0.8181818181818182,0.7037037037037037,0.23096744271857797,0.721590909090909
RFE_MLR,103,SVM,0.4375,0.2727272727272727,0.37037037037037035,-0.1910232943645853,0.35511363636363635
RFE_MLR,103,KNN,0.625,0.18181818181818182,0.4444444444444444,-0.16972865106406024,0.40340909090909083
RFE_MLR,104,DT,0.375,0.6363636363636364,0.48148148148148145,0.005698028822981898,0.5056818181818181
RFE_MLR,104,SVM,0.4375,0.2727272727272727,0.37037037037037035,-0.1910232943645853,0.35511363636363635
RFE_MLR,104,KNN,0.4375,0.2727272727272727,0.37037037037037035,-0.1910232943645853,0.35511363636363635
RFE_MLR,105,DT,0.4375,0.6363636363636364,0.5185185185185185,0.03722377385696935,0.5369318181818182
RFE_MLR,105,SVM,0.4375,0.2727272727272727,0.37037037037037035,-0.1910232943645853,0.35511363636363635
RFE_MLR,105,KNN,0.625,0.2727272727272727,0.48148148148148145,-0.07537783614444091,0.44886363636363635
RFE_MLR,106,DT,0.4375,0.6363636363636364,0.5185185185185185,0.03722377385696935,0.5369318181818182
RFE_MLR,106,SVM,0.4375,0.2727272727272727,0.37037037037037035,-0.1910232943645853,0.35511363636363635
RFE_MLR,106,KNN,0.5,0.2727272727272727,0.4074074074074074,-0.1538643637241659,0.38636363636363635
RFE_MLR,107,DT,0.4375,0.7272727272727273,0.5555555555555556,0.08146581671430841,0.5823863636363636
RFE_MLR,107,SVM,0.4375,0.2727272727272727,0.37037037037037035,-0.1910232943645853,0.35511363636363635
RFE_MLR,107,KNN,0.625,0.2727272727272727,0.48148148148148145,-0.07537783614444091,0.44886363636363635
RFE_MLR,108,DT,0.5625,0.7272727272727273,0.6296296296296297,0.1482959210322563,0.6448863636363636
RFE_MLR,108,SVM,0.4375,0.2727272727272727,0.37037037037037035,-0.1910232943645853,0.35511363636363635
RFE_MLR,108,KNN,0.5,0.2727272727272727,0.4074074074074074,-0.1538643637241659,0.38636363636363635
RFE_MLR,109,DT,0.4375,0.7272727272727273,0.5555555555555556,0.08146581671430841,0.5823863636363636
RFE_MLR,109,SVM,0.4375,0.2727272727272727,0.37037037037037035,-0.1910232943645853,0.35511363636363635
RFE_MLR,109,KNN,0.5625,0.36363636363636365,0.48148148148148145,-0.04629648418672792,0.4630681818181819
RFE_MLR,110,DT,0.5,0.7272727272727273,0.5925925925925926,0.11363636363636363,0.6136363636363635
RFE_MLR,110,SVM,0.4375,0.2727272727272727,0.37037037037037035,-0.1910232943645853,0.35511363636363635
RFE_MLR,110,KNN,0.625,0.2727272727272727,0.48148148148148145,-0.07537783614444091,0.44886363636363635
RFE_MLR,111,DT,0.5,0.6363636363636364,0.5555555555555556,0.06978631577988531,0.5681818181818182
RFE_MLR,111,SVM,0.4375,0.2727272727272727,0.37037037037037035,-0.1910232943645853,0.35511363636363635
RFE_MLR,111,KNN,0.6875,0.36363636363636365,0.5555555555555556,0.03575484709670971,0.5255681818181819
RFE_MLR,112,DT,0.5,0.8181818181818182,0.6296296296296297,0.15731330124142315,0.659090909090909
RFE_MLR,112,SVM,0.4375,0.2727272727272727,0.37037037037037035,-0.1910232943645853,0.35511363636363635
RFE_MLR,112,KNN,0.75,0.36363636363636365,0.5925925925925926,0.08646430798325933,0.5568181818181819
RFE_MLR,113,DT,0.4375,0.6363636363636364,0.5185185185185185,0.03722377385696935,0.5369318181818182
RFE_MLR,113,SVM,0.4375,0.2727272727272727,0.37037037037037035,-0.1910232943645853,0.35511363636363635
RFE_MLR,113,KNN,0.625,0.36363636363636365,0.5185185185185185,-0.007463517925331652,0.4943181818181818
RFE_MLR,114,DT,0.5625,0.7272727272727273,0.6296296296296297,0.1482959210322563,0.6448863636363636
RFE_MLR,114,SVM,0.4375,0.2727272727272727,0.37037037037037035,-0.1910232943645853,0.35511363636363635
RFE_MLR,114,KNN,0.625,0.36363636363636365,0.5185185185185185,-0.007463517925331652,0.4943181818181818
RFE_MLR,115,DT,0.375,0.6363636363636364,0.48148148148148145,0.005698028822981898,0.5056818181818181
RFE_MLR,115,SVM,0.4375,0.2727272727272727,0.37037037037037035,-0.1910232943645853,0.35511363636363635
RFE_MLR,115,KNN,0.75,0.36363636363636365,0.5925925925925926,0.08646430798325933,0.5568181818181819
RFE_MLR,116,DT,0.375,0.6363636363636364,0.48148148148148145,0.005698028822981898,0.5056818181818181
RFE_MLR,116,SVM,0.4375,0.2727272727272727,0.37037037037037035,-0.1910232943645853,0.35511363636363635
RFE_MLR,116,KNN,0.6875,0.2727272727272727,0.5185185185185185,-0.03125498365364782,0.48011363636363635
RFE_MLR,117,DT,0.5,0.6363636363636364,0.5555555555555556,0.06978631577988531,0.5681818181818182
RFE_MLR,117,SVM,0.4375,0.2727272727272727,0.37037037037037035,-0.1910232943645853,0.35511363636363635
RFE_MLR,117,KNN,0.625,0.2727272727272727,0.48148148148148145,-0.07537783614444091,0.44886363636363635
RFE_MLR,118,DT,0.3125,0.6363636363636364,0.4444444444444444,-0.025770304977901858,0.4744318181818182
RFE_MLR,118,SVM,0.4375,0.2727272727272727,0.37037037037037035,-0.1910232943645853,0.35511363636363635
RFE_MLR,118,KNN,0.5625,0.2727272727272727,0.4444444444444444,-0.11569312604606714,0.41761363636363635
RFE_MLR,119,DT,0.4375,0.9090909090909091,0.6296296296296297,0.17135913170940736,0.6732954545454546
RFE_MLR,119,SVM,0.4375,0.2727272727272727,0.37037037037037035,-0.1910232943645853,0.35511363636363635
RFE_MLR,119,KNN,0.625,0.09090909090909091,0.4074074074074074,-0.3440511766019877,0.3579545454545454
RFE_MLR,120,DT,0.4375,0.9090909090909091,0.6296296296296297,0.17135913170940736,0.6732954545454546
RFE_MLR,120,SVM,0.4375,0.2727272727272727,0.37037037037037035,-0.1910232943645853,0.35511363636363635
RFE_MLR,120,KNN,0.6875,0.18181818181818182,0.48148148148148145,-0.12259041190447599,0.43465909090909083
RFE_MLR,121,DT,0.4375,0.6363636363636364,0.5185185185185185,0.03722377385696935,0.5369318181818182
RFE_MLR,121,SVM,0.5,0.2727272727272727,0.4074074074074074,-0.1538643637241659,0.38636363636363635
RFE_MLR,121,KNN,0.6875,0.09090909090909091,0.4444444444444444,-0.28688881958904355,0.38920454545454547
RFE_MLR,122,DT,0.5,0.7272727272727273,0.5925925925925926,0.11363636363636363,0.6136363636363635
RFE_MLR,122,SVM,0.4375,0.2727272727272727,0.37037037037037035,-0.1910232943645853,0.35511363636363635
RFE_MLR,122,KNN,0.6875,0.18181818181818182,0.48148148148148145,-0.12259041190447599,0.43465909090909083
RFE_MLR,123,DT,0.4375,0.8181818181818182,0.5925925925925926,0.1256297269074015,0.6278409090909091
RFE_MLR,123,SVM,0.5,0.36363636363636365,0.4444444444444444,-0.08257228238447704,0.43181818181818177
RFE_MLR,123,KNN,0.6875,0.18181818181818182,0.48148148148148145,-0.12259041190447599,0.43465909090909083
RFE_MLR,124,DT,0.4375,0.8181818181818182,0.5925925925925926,0.1256297269074015,0.6278409090909091
RFE_MLR,124,SVM,0.5,0.36363636363636365,0.4444444444444444,-0.08257228238447704,0.43181818181818177
RFE_MLR,124,KNN,0.625,0.18181818181818182,0.4444444444444444,-0.16972865106406024,0.40340909090909083
RFE_MLR,125,DT,0.5,0.7272727272727273,0.5925925925925926,0.11363636363636363,0.6136363636363635
RFE_MLR,125,SVM,0.5,0.2727272727272727,0.4074074074074074,-0.1538643637241659,0.38636363636363635
RFE_MLR,125,KNN,0.5625,0.18181818181818182,0.4074074074074074,-0.21367608086182116,0.3721590909090909
RFE_MLR,126,DT,0.4375,0.8181818181818182,0.5925925925925926,0.1256297269074015,0.6278409090909091
RFE_MLR,126,SVM,0.5,0.2727272727272727,0.4074074074074074,-0.1538643637241659,0.38636363636363635
RFE_MLR,126,KNN,0.625,0.18181818181818182,0.4444444444444444,-0.16972865106406024,0.40340909090909083
RFE_MLR,127,DT,0.4375,0.8181818181818182,0.5925925925925926,0.1256297269074015,0.6278409090909091
RFE_MLR,127,SVM,0.5625,0.36363636363636365,0.48148148148148145,-0.04629648418672792,0.4630681818181819
RFE_MLR,127,KNN,0.6875,0.18181818181818182,0.48148148148148145,-0.12259041190447599,0.43465909090909083
RFE_MLR,128,DT,0.375,0.7272727272727273,0.5185185185185185,0.050564989684743156,0.5511363636363636
RFE_MLR,128,SVM,0.5625,0.36363636363636365,0.48148148148148145,-0.04629648418672792,0.4630681818181819
RFE_MLR,128,KNN,0.625,0.18181818181818182,0.4444444444444444,-0.16972865106406024,0.40340909090909083
RFE_MLR,129,DT,0.4375,0.7272727272727273,0.5555555555555556,0.08146581671430841,0.5823863636363636
RFE_MLR,129,SVM,0.5625,0.36363636363636365,0.48148148148148145,-0.04629648418672792,0.4630681818181819
RFE_MLR,129,KNN,0.625,0.2727272727272727,0.48148148148148145,-0.07537783614444091,0.44886363636363635
RFE_MLR,130,DT,0.4375,0.7272727272727273,0.5555555555555556,0.08146581671430841,0.5823863636363636
RFE_MLR,130,SVM,0.5625,0.36363636363636365,0.48148148148148145,-0.04629648418672792,0.4630681818181819
RFE_MLR,130,KNN,0.625,0.2727272727272727,0.48148148148148145,-0.07537783614444091,0.44886363636363635
RFE_MLR,131,DT,0.3125,0.8181818181818182,0.5185185185185185,0.06585744605463807,0.5653409090909091
RFE_MLR,131,SVM,0.5625,0.36363636363636365,0.48148148148148145,-0.04629648418672792,0.4630681818181819
RFE_MLR,131,KNN,0.75,0.36363636363636365,0.5925925925925926,0.08646430798325933,0.5568181818181819
RFE_MLR,132,DT,0.4375,0.8181818181818182,0.5925925925925926,0.1256297269074015,0.6278409090909091
RFE_MLR,132,SVM,0.5625,0.36363636363636365,0.48148148148148145,-0.04629648418672792,0.4630681818181819
RFE_MLR,132,KNN,0.75,0.2727272727272727,0.5555555555555556,0.019462473604038074,0.5113636363636364
RFE_MLR,133,DT,0.375,0.8181818181818182,0.5555555555555556,0.09551164718229263,0.5965909090909091
RFE_MLR,133,SVM,0.5625,0.36363636363636365,0.48148148148148145,-0.04629648418672792,0.4630681818181819
RFE_MLR,133,KNN,0.8125,0.2727272727272727,0.5925925925925926,0.08224396186997113,0.5426136363636364
RFE_MLR,134,DT,0.375,0.7272727272727273,0.5185185185185185,0.050564989684743156,0.5511363636363636
RFE_MLR,134,SVM,0.5625,0.36363636363636365,0.48148148148148145,-0.04629648418672792,0.4630681818181819
RFE_MLR,134,KNN,0.6875,0.2727272727272727,0.5185185185185185,-0.03125498365364782,0.48011363636363635
RFE_DT,1,DT,1.0,0.0,0.5925925925925926,,0.5
RFE_DT,1,SVM,1.0,0.0,0.5925925925925926,,0.5
RFE_DT,1,KNN,1.0,0.0,0.5925925925925926,,0.5
RFE_DT,2,DT,0.4375,0.5454545454545454,0.48148148148148145,-0.008883363181483767,0.4914772727272727
RFE_DT,2,SVM,0.4375,0.5454545454545454,0.48148148148148145,-0.008883363181483767,0.4914772727272727
RFE_DT,2,KNN,0.8125,0.2727272727272727,0.5925925925925926,0.08224396186997113,0.5426136363636364
RFE_DT,3,DT,0.375,0.6363636363636364,0.48148148148148145,0.005698028822981898,0.5056818181818181
RFE_DT,3,SVM,0.625,0.36363636363636365,0.5185185185185185,-0.007463517925331652,0.4943181818181818
RFE_DT,3,KNN,0.625,0.6363636363636364,0.6296296296296297,0.1429923602493232,0.6306818181818182
RFE_DT,4,DT,0.4375,0.36363636363636365,0.4074074074074074,-0.11751584892036795,0.40056818181818177
RFE_DT,4,SVM,0.625,0.18181818181818182,0.4444444444444444,-0.16972865106406024,0.40340909090909083
RFE_DT,4,KNN,0.5625,0.18181818181818182,0.4074074074074074,-0.21367608086182116,0.3721590909090909
RFE_DT,5,DT,0.4375,0.6363636363636364,0.5185185185185185,0.03722377385696935,0.5369318181818182
RFE_DT,5,SVM,0.5625,0.45454545454545453,0.5185185185185185,0.009869275424396534,0.5085227272727273
RFE_DT,5,KNN,0.625,0.5454545454545454,0.5925925925925926,0.09731236802019037,0.5852272727272727
RFE_DT,6,DT,0.5,0.5454545454545454,0.5185185185185185,0.02414022747926338,0.5227272727272727
RFE_DT,6,SVM,0.5,0.18181818181818182,0.37037037037037035,-0.25594534844449573,0.3409090909090909
RFE_DT,6,KNN,0.5625,0.2727272727272727,0.4444444444444444,-0.11569312604606714,0.41761363636363635
RFE_DT,7,DT,0.625,0.5454545454545454,0.5925925925925926,0.09731236802019037,0.5852272727272727
RFE_DT,7,SVM,0.5625,0.36363636363636365,0.48148148148148145,-0.04629648418672792,0.4630681818181819
RFE_DT,7,KNN,0.5625,0.45454545454545453,0.5185185185185185,0.009869275424396534,0.5085227272727273
RFE_DT,8,DT,0.5625,0.6363636363636364,0.5925925925925926,0.10453025125088636,0.5994318181818181
RFE_DT,8,SVM,0.5625,0.45454545454545453,0.5185185185185185,0.009869275424396534,0.5085227272727273
RFE_DT,8,KNN,0.5,0.45454545454545453,0.48148148148148145,-0.025482359571881278,0.4772727272727273
RFE_DT,9,DT,0.5,0.7272727272727273,0.5925925925925926,0.11363636363636363,0.6136363636363635
RFE_DT,9,SVM,0.375,0.45454545454545453,0.4074074074074074,-0.09231861823449955,0.4147727272727273
RFE_DT,9,KNN,0.4375,0.2727272727272727,0.37037037037037035,-0.1910232943645853,0.35511363636363635
RFE_DT,10,DT,0.5625,0.7272727272727273,0.6296296296296297,0.1482959210322563,0.6448863636363636
RFE_DT,10,SVM,0.625,0.36363636363636365,0.5185185185185185,-0.007463517925331652,0.4943181818181818
RFE_DT,10,KNN,0.625,0.5454545454545454,0.5925925925925926,0.09731236802019037,0.5852272727272727
RFE_DT,11,DT,0.5,0.7272727272727273,0.5925925925925926,0.11363636363636363,0.6136363636363635
RFE_DT,11,SVM,0.5625,0.6363636363636364,0.5925925925925926,0.10453025125088636,0.5994318181818181
RFE_DT,11,KNN,0.375,0.6363636363636364,0.48148148148148145,0.005698028822981898,0.5056818181818181
RFE_DT,12,DT,0.5,0.7272727272727273,0.5925925925925926,0.11363636363636363,0.6136363636363635
RFE_DT,12,SVM,0.5625,0.36363636363636365,0.48148148148148145,-0.04629648418672792,0.4630681818181819
RFE_DT,12,KNN,0.5625,0.5454545454545454,0.5555555555555556,0.05906206184211177,0.5539772727272727
RFE_DT,13,DT,0.375,0.6363636363636364,0.48148148148148145,0.005698028822981898,0.5056818181818181
RFE_DT,13,SVM,0.625,0.6363636363636364,0.6296296296296297,0.1429923602493232,0.6306818181818182
RFE_DT,13,KNN,0.6875,0.5454545454545454,0.6296296296296297,0.14106098240681494,0.6164772727272727
RFE_DT,14,DT,0.5,0.7272727272727273,0.5925925925925926,0.11363636363636363,0.6136363636363635
RFE_DT,14,SVM,0.5625,0.45454545454545453,0.5185185185185185,0.009869275424396534,0.5085227272727273
RFE_DT,14,KNN,0.5625,0.45454545454545453,0.5185185185185185,0.009869275424396534,0.5085227272727273
RFE_DT,15,DT,0.6875,0.5454545454545454,0.6296296296296297,0.14106098240681494,0.6164772727272727
RFE_DT,15,SVM,0.75,0.09090909090909091,0.48148148148148145,-0.22498852128662877,0.42045454545454547
RFE_DT,15,KNN,0.6875,0.45454545454545453,0.5925925925925926,0.09140905301589132,0.5710227272727273
RFE_DT,16,DT,0.4375,0.8181818181818182,0.5925925925925926,0.1256297269074015,0.6278409090909091
RFE_DT,16,SVM,0.5,0.36363636363636365,0.4444444444444444,-0.08257228238447704,0.43181818181818177
RFE_DT,16,KNN,0.5625,0.36363636363636365,0.48148148148148145,-0.04629648418672792,0.4630681818181819
RFE_DT,17,DT,0.4375,0.5454545454545454,0.48148148148148145,-0.008883363181483767,0.4914772727272727
RFE_DT,17,SVM,0.75,0.2727272727272727,0.5555555555555556,0.019462473604038074,0.5113636363636364
RFE_DT,17,KNN,0.5,0.45454545454545453,0.48148148148148145,-0.025482359571881278,0.4772727272727273
RFE_DT,18,DT,0.5,0.2727272727272727,0.4074074074074074,-0.1538643637241659,0.38636363636363635
RFE_DT,18,SVM,0.625,0.5454545454545454,0.5925925925925926,0.09731236802019037,0.5852272727272727
RFE_DT,18,KNN,0.625,0.6363636363636364,0.6296296296296297,0.1429923602493232,0.6306818181818182
RFE_DT,19,DT,0.375,0.6363636363636364,0.48148148148148145,0.005698028822981898,0.5056818181818181
RFE_DT,19,SVM,0.5,0.45454545454545453,0.48148148148148145,-0.025482359571881278,0.4772727272727273
RFE_DT,19,KNN,0.5625,0.5454545454545454,0.5555555555555556,0.05906206184211177,0.5539772727272727
RFE_DT,20,DT,0.4375,0.6363636363636364,0.5185185185185185,0.03722377385696935,0.5369318181818182
RFE_DT,20,SVM,0.5,0.36363636363636365,0.4444444444444444,-0.08257228238447704,0.43181818181818177
RFE_DT,20,KNN,0.5625,0.45454545454545453,0.5185185185185185,0.009869275424396534,0.5085227272727273
RFE_DT,21,DT,0.625,0.36363636363636365,0.5185185185185185,-0.007463517925331652,0.4943181818181818
RFE_DT,21,SVM,0.625,0.2727272727272727,0.48148148148148145,-0.07537783614444091,0.44886363636363635
RFE_DT,21,KNN,0.6875,0.2727272727272727,0.5185185185185185,-0.03125498365364782,0.48011363636363635
RFE_DT,22,DT,0.625,0.8181818181818182,0.7037037037037037,0.23096744271857797,0.721590909090909
RFE_DT,22,SVM,0.6875,0.09090909090909091,0.4444444444444444,-0.28688881958904355,0.38920454545454547
RFE_DT,22,KNN,0.625,0.2727272727272727,0.48148148148148145,-0.07537783614444091,0.44886363636363635
RFE_DT,23,DT,0.4375,0.45454545454545453,0.4444444444444444,-0.059213309367202295,0.4460227272727273
RFE_DT,23,SVM,0.5,0.18181818181818182,0.37037037037037035,-0.25594534844449573,0.3409090909090909
RFE_DT,23,KNN,0.4375,0.45454545454545453,0.4444444444444444,-0.059213309367202295,0.4460227272727273
RFE_DT,24,DT,0.5,0.45454545454545453,0.48148148148148145,-0.025482359571881278,0.4772727272727273
RFE_DT,24,SVM,0.625,0.36363636363636365,0.5185185185185185,-0.007463517925331652,0.4943181818181818
RFE_DT,24,KNN,0.5,0.2727272727272727,0.4074074074074074,-0.1538643637241659,0.38636363636363635
RFE_DT,25,DT,0.625,0.7272727272727273,0.6666666666666666,0.18708676296429116,0.6761363636363636
RFE_DT,25,SVM,0.6875,0.09090909090909091,0.4444444444444444,-0.28688881958904355,0.38920454545454547
RFE_DT,25,KNN,0.625,0.5454545454545454,0.5925925925925926,0.09731236802019037,0.5852272727272727
RFE_DT,26,DT,0.5625,0.7272727272727273,0.6296296296296297,0.1482959210322563,0.6448863636363636
RFE_DT,26,SVM,0.5625,0.45454545454545453,0.5185185185185185,0.009869275424396534,0.5085227272727273
RFE_DT,26,KNN,0.8125,0.36363636363636365,0.6296296296296297,0.15083417043129507,0.5880681818181819
RFE_DT,27,DT,0.4375,0.45454545454545453,0.4444444444444444,-0.059213309367202295,0.4460227272727273
RFE_DT,27,SVM,0.6875,0.2727272727272727,0.5185185185185185,-0.03125498365364782,0.48011363636363635
RFE_DT,27,KNN,0.5625,0.5454545454545454,0.5555555555555556,0.05906206184211177,0.5539772727272727
RFE_DT,28,DT,0.5625,0.6363636363636364,0.5925925925925926,0.10453025125088636,0.5994318181818181
RFE_DT,28,SVM,0.4375,0.2727272727272727,0.37037037037037035,-0.1910232943645853,0.35511363636363635
RFE_DT,28,KNN,0.625,0.2727272727272727,0.48148148148148145,-0.07537783614444091,0.44886363636363635
RFE_DT,29,DT,0.4375,0.5454545454545454,0.48148148148148145,-0.008883363181483767,0.4914772727272727
RFE_DT,29,SVM,0.6875,0.36363636363636365,0.5555555555555556,0.03575484709670971,0.5255681818181819
RFE_DT,29,KNN,0.8125,0.36363636363636365,0.6296296296296297,0.15083417043129507,0.5880681818181819
RFE_DT,30,DT,0.5,0.6363636363636364,0.5555555555555556,0.06978631577988531,0.5681818181818182
RFE_DT,30,SVM,0.625,0.2727272727272727,0.48148148148148145,-0.07537783614444091,0.44886363636363635
RFE_DT,30,KNN,0.625,0.5454545454545454,0.5925925925925926,0.09731236802019037,0.5852272727272727
RFE_DT,31,DT,0.5625,0.6363636363636364,0.5925925925925926,0.10453025125088636,0.5994318181818181
RFE_DT,31,SVM,0.6875,0.2727272727272727,0.5185185185185185,-0.03125498365364782,0.48011363636363635
RFE_DT,31,KNN,0.625,0.5454545454545454,0.5925925925925926,0.09731236802019037,0.5852272727272727
RFE_DT,32,DT,0.5625,0.7272727272727273,0.6296296296296297,0.1482959210322563,0.6448863636363636
RFE_DT,32,SVM,0.75,0.36363636363636365,0.5925925925925926,0.08646430798325933,0.5568181818181819
RFE_DT,32,KNN,0.75,0.45454545454545453,0.6296296296296297,0.14301938838683884,0.6022727272727273
RFE_DT,33,DT,0.5,0.8181818181818182,0.6296296296296297,0.15731330124142315,0.659090909090909
RFE_DT,33,SVM,0.625,0.2727272727272727,0.48148148148148145,-0.07537783614444091,0.44886363636363635
RFE_DT,33,KNN,0.625,0.36363636363636365,0.5185185185185185,-0.007463517925331652,0.4943181818181818
RFE_DT,34,DT,0.4375,0.6363636363636364,0.5185185185185185,0.03722377385696935,0.5369318181818182
RFE_DT,34,SVM,0.625,0.45454545454545453,0.5555555555555556,0.048167164724278275,0.5397727272727273
RFE_DT,34,KNN,0.5625,0.5454545454545454,0.5555555555555556,0.05906206184211177,0.5539772727272727
RFE_DT,35,DT,0.4375,0.5454545454545454,0.48148148148148145,-0.008883363181483767,0.4914772727272727
RFE_DT,35,SVM,0.6875,0.18181818181818182,0.48148148148148145,-0.12259041190447599,0.43465909090909083
RFE_DT,35,KNN,0.5625,0.0,0.3333333333333333,-inf,0.28125
RFE_DT,36,DT,0.5,0.8181818181818182,0.6296296296296297,0.15731330124142315,0.659090909090909
RFE_DT,36,SVM,0.75,0.45454545454545453,0.6296296296296297,0.14301938838683884,0.6022727272727273
RFE_DT,36,KNN,0.75,0.36363636363636365,0.5925925925925926,0.08646430798325933,0.5568181818181819
RFE_DT,37,DT,0.5625,0.6363636363636364,0.5925925925925926,0.10453025125088636,0.5994318181818181
RFE_DT,37,SVM,0.6875,0.2727272727272727,0.5185185185185185,-0.03125498365364782,0.48011363636363635
RFE_DT,37,KNN,0.5625,0.45454545454545453,0.5185185185185185,0.009869275424396534,0.5085227272727273
RFE_DT,38,DT,0.4375,0.8181818181818182,0.5925925925925926,0.1256297269074015,0.6278409090909091
RFE_DT,38,SVM,0.625,0.45454545454545453,0.5555555555555556,0.048167164724278275,0.5397727272727273
RFE_DT,38,KNN,0.5625,0.36363636363636365,0.48148148148148145,-0.04629648418672792,0.4630681818181819
RFE_DT,39,DT,0.5,0.8181818181818182,0.6296296296296297,0.15731330124142315,0.659090909090909
RFE_DT,39,SVM,0.625,0.45454545454545453,0.5555555555555556,0.048167164724278275,0.5397727272727273
RFE_DT,39,KNN,0.5,0.6363636363636364,0.5555555555555556,0.06978631577988531,0.5681818181818182
RFE_DT,40,DT,0.5625,0.7272727272727273,0.6296296296296297,0.1482959210322563,0.6448863636363636
RFE_DT,40,SVM,0.6875,0.36363636363636365,0.5555555555555556,0.03575484709670971,0.5255681818181819
RFE_DT,40,KNN,0.6875,0.36363636363636365,0.5555555555555556,0.03575484709670971,0.5255681818181819
RFE_DT,41,DT,0.625,0.45454545454545453,0.5555555555555556,0.048167164724278275,0.5397727272727273
RFE_DT,41,SVM,0.625,0.6363636363636364,0.6296296296296297,0.1429923602493232,0.6306818181818182
RFE_DT,41,KNN,0.5,0.6363636363636364,0.5555555555555556,0.06978631577988531,0.5681818181818182
RFE_DT,42,DT,0.5,0.6363636363636364,0.5555555555555556,0.06978631577988531,0.5681818181818182
RFE_DT,42,SVM,0.6875,0.2727272727272727,0.5185185185185185,-0.03125498365364782,0.48011363636363635
RFE_DT,42,KNN,0.6875,0.5454545454545454,0.6296296296296297,0.14106098240681494,0.6164772727272727
RFE_DT,43,DT,0.5,0.45454545454545453,0.48148148148148145,-0.025482359571881278,0.4772727272727273
RFE_DT,43,SVM,0.6875,0.2727272727272727,0.5185185185185185,-0.03125498365364782,0.48011363636363635
RFE_DT,43,KNN,0.6875,0.2727272727272727,0.5185185185185185,-0.03125498365364782,0.48011363636363635
RFE_DT,44,DT,0.4375,0.7272727272727273,0.5555555555555556,0.08146581671430841,0.5823863636363636
RFE_DT,44,SVM,0.5625,0.45454545454545453,0.5185185185185185,0.009869275424396534,0.5085227272727273
RFE_DT,44,KNN,0.6875,0.45454545454545453,0.5925925925925926,0.09140905301589132,0.5710227272727273
RFE_DT,45,DT,0.5,0.45454545454545453,0.48148148148148145,-0.025482359571881278,0.4772727272727273
RFE_DT,45,SVM,0.75,0.09090909090909091,0.48148148148148145,-0.22498852128662877,0.42045454545454547
RFE_DT,45,KNN,0.6875,0.36363636363636365,0.5555555555555556,0.03575484709670971,0.5255681818181819
RFE_DT,46,DT,0.4375,0.5454545454545454,0.48148148148148145,-0.008883363181483767,0.4914772727272727
RFE_DT,46,SVM,0.75,0.45454545454545453,0.6296296296296297,0.14301938838683884,0.6022727272727273
RFE_DT,46,KNN,0.5625,0.5454545454545454,0.5555555555555556,0.05906206184211177,0.5539772727272727
RFE_DT,47,DT,0.5625,0.5454545454545454,0.5555555555555556,0.05906206184211177,0.5539772727272727
RFE_DT,47,SVM,0.5,0.45454545454545453,0.48148148148148145,-0.025482359571881278,0.4772727272727273
RFE_DT,47,KNN,0.625,0.2727272727272727,0.48148148148148145,-0.07537783614444091,0.44886363636363635
RFE_DT,48,DT,0.5625,0.7272727272727273,0.6296296296296297,0.1482959210322563,0.6448863636363636
RFE_DT,48,SVM,0.6875,0.36363636363636365,0.5555555555555556,0.03575484709670971,0.5255681818181819
RFE_DT,48,KNN,0.6875,0.45454545454545453,0.5925925925925926,0.09140905301589132,0.5710227272727273
RFE_DT,49,DT,0.5625,0.6363636363636364,0.5925925925925926,0.10453025125088636,0.5994318181818181
RFE_DT,49,SVM,0.6875,0.36363636363636365,0.5555555555555556,0.03575484709670971,0.5255681818181819
RFE_DT,49,KNN,0.6875,0.18181818181818182,0.48148148148148145,-0.12259041190447599,0.43465909090909083
RFE_DT,50,DT,0.75,0.7272727272727273,0.7407407407407407,0.2890029883456697,0.7386363636363636
RFE_DT,50,SVM,0.625,0.2727272727272727,0.48148148148148145,-0.07537783614444091,0.44886363636363635
RFE_DT,50,KNN,0.5625,0.2727272727272727,0.4444444444444444,-0.11569312604606714,0.41761363636363635
RFE_DT,51,DT,0.4375,0.7272727272727273,0.5555555555555556,0.08146581671430841,0.5823863636363636
RFE_DT,51,SVM,0.6875,0.45454545454545453,0.5925925925925926,0.09140905301589132,0.5710227272727273
RFE_DT,51,KNN,0.6875,0.2727272727272727,0.5185185185185185,-0.03125498365364782,0.48011363636363635
RFE_DT,52,DT,0.5,0.8181818181818182,0.6296296296296297,0.15731330124142315,0.659090909090909
RFE_DT,52,SVM,0.6875,0.36363636363636365,0.5555555555555556,0.03575484709670971,0.5255681818181819
RFE_DT,52,KNN,0.6875,0.36363636363636365,0.5555555555555556,0.03575484709670971,0.5255681818181819
RFE_DT,53,DT,0.4375,0.8181818181818182,0.5925925925925926,0.1256297269074015,0.6278409090909091
RFE_DT,53,SVM,0.625,0.45454545454545453,0.5555555555555556,0.048167164724278275,0.5397727272727273
RFE_DT,53,KNN,0.6875,0.5454545454545454,0.6296296296296297,0.14106098240681494,0.6164772727272727
RFE_DT,54,DT,0.5625,0.8181818181818182,0.6666666666666666,0.19184560372438048,0.6903409090909091
RFE_DT,54,SVM,0.75,0.36363636363636365,0.5925925925925926,0.08646430798325933,0.5568181818181819
RFE_DT,54,KNN,0.5625,0.36363636363636365,0.48148148148148145,-0.04629648418672792,0.4630681818181819
RFE_DT,55,DT,0.5,0.45454545454545453,0.48148148148148145,-0.025482359571881278,0.4772727272727273
RFE_DT,55,SVM,0.5625,0.45454545454545453,0.5185185185185185,0.009869275424396534,0.5085227272727273
RFE_DT,55,KNN,0.5,0.18181818181818182,0.37037037037037035,-0.25594534844449573,0.3409090909090909
RFE_DT,56,DT,0.5,0.36363636363636365,0.4444444444444444,-0.08257228238447704,0.43181818181818177
RFE_DT,56,SVM,0.75,0.2727272727272727,0.5555555555555556,0.019462473604038074,0.5113636363636364
RFE_DT,56,KNN,0.5,0.36363636363636365,0.4444444444444444,-0.08257228238447704,0.43181818181818177
RFE_DT,57,DT,0.5,0.45454545454545453,0.48148148148148145,-0.025482359571881278,0.4772727272727273
RFE_DT,57,SVM,0.625,0.5454545454545454,0.5925925925925926,0.09731236802019037,0.5852272727272727
RFE_DT,57,KNN,0.5625,0.2727272727272727,0.4444444444444444,-0.11569312604606714,0.41761363636363635
RFE_DT,58,DT,0.625,0.7272727272727273,0.6666666666666666,0.18708676296429116,0.6761363636363636
RFE_DT,58,SVM,0.6875,0.45454545454545453,0.5925925925925926,0.09140905301589132,0.5710227272727273
RFE_DT,58,KNN,0.75,0.45454545454545453,0.6296296296296297,0.14301938838683884,0.6022727272727273
RFE_DT,59,DT,0.375,0.9090909090909091,0.5925925925925926,0.14245072057454744,0.6420454545454546
RFE_DT,59,SVM,0.75,0.2727272727272727,0.5555555555555556,0.019462473604038074,0.5113636363636364
RFE_DT,59,KNN,0.6875,0.45454545454545453,0.5925925925925926,0.09140905301589132,0.5710227272727273
RFE_DT,60,DT,0.5,0.5454545454545454,0.5185185185185185,0.02414022747926338,0.5227272727272727
RFE_DT,60,SVM,0.625,0.2727272727272727,0.48148148148148145,-0.07537783614444091,0.44886363636363635
RFE_DT,60,KNN,0.75,0.6363636363636364,0.7037037037037037,0.24216622497673063,0.6931818181818181
RFE_DT,61,DT,0.5,0.7272727272727273,0.5925925925925926,0.11363636363636363,0.6136363636363635
RFE_DT,61,SVM,0.625,0.2727272727272727,0.48148148148148145,-0.07537783614444091,0.44886363636363635
RFE_DT,61,KNN,0.625,0.45454545454545453,0.5555555555555556,0.048167164724278275,0.5397727272727273
RFE_DT,62,DT,0.375,0.6363636363636364,0.48148148148148145,0.005698028822981898,0.5056818181818181
RFE_DT,62,SVM,0.625,0.2727272727272727,0.48148148148148145,-0.07537783614444091,0.44886363636363635
RFE_DT,62,KNN,0.6875,0.36363636363636365,0.5555555555555556,0.03575484709670971,0.5255681818181819
RFE_DT,63,DT,0.5625,0.7272727272727273,0.6296296296296297,0.1482959210322563,0.6448863636363636
RFE_DT,63,SVM,0.75,0.36363636363636365,0.5925925925925926,0.08646430798325933,0.5568181818181819
RFE_DT,63,KNN,0.75,0.45454545454545453,0.6296296296296297,0.14301938838683884,0.6022727272727273
RFE_DT,64,DT,0.5625,0.45454545454545453,0.5185185185185185,0.009869275424396534,0.5085227272727273
RFE_DT,64,SVM,0.6875,0.18181818181818182,0.48148148148148145,-0.12259041190447599,0.43465909090909083
RFE_DT,64,KNN,0.625,0.36363636363636365,0.5185185185185185,-0.007463517925331652,0.4943181818181818
RFE_DT,65,DT,0.4375,0.7272727272727273,0.5555555555555556,0.08146581671430841,0.5823863636363636
RFE_DT,65,SVM,0.5,0.5454545454545454,0.5185185185185185,0.02414022747926338,0.5227272727272727
RFE_DT,65,KNN,0.5625,0.6363636363636364,0.5925925925925926,0.10453025125088636,0.5994318181818181
RFE_DT,66,DT,0.4375,0.7272727272727273,0.5555555555555556,0.08146581671430841,0.5823863636363636
RFE_DT,66,SVM,0.75,0.36363636363636365,0.5925925925925926,0.08646430798325933,0.5568181818181819
RFE_DT,66,KNN,0.625,0.36363636363636365,0.5185185185185185,-0.007463517925331652,0.4943181818181818
RFE_DT,67,DT,0.5625,0.5454545454545454,0.5555555555555556,0.05906206184211177,0.5539772727272727
RFE_DT,67,SVM,0.6875,0.36363636363636365,0.5555555555555556,0.03575484709670971,0.5255681818181819
RFE_DT,67,KNN,0.5,0.36363636363636365,0.4444444444444444,-0.08257228238447704,0.43181818181818177
RFE_DT,68,DT,0.5625,0.6363636363636364,0.5925925925925926,0.10453025125088636,0.5994318181818181
RFE_DT,68,SVM,0.625,0.45454545454545453,0.5555555555555556,0.048167164724278275,0.5397727272727273
RFE_DT,68,KNN,0.4375,0.5454545454545454,0.48148148148148145,-0.008883363181483767,0.4914772727272727
RFE_DT,69,DT,0.375,0.8181818181818182,0.5555555555555556,0.09551164718229263,0.5965909090909091
RFE_DT,69,SVM,0.6875,0.36363636363636365,0.5555555555555556,0.03575484709670971,0.5255681818181819
RFE_DT,69,KNN,0.625,0.45454545454545453,0.5555555555555556,0.048167164724278275,0.5397727272727273
RFE_DT,70,DT,0.5625,0.45454545454545453,0.5185185185185185,0.009869275424396534,0.5085227272727273
RFE_DT,70,SVM,0.6875,0.18181818181818182,0.48148148148148145,-0.12259041190447599,0.43465909090909083
RFE_DT,70,KNN,0.6875,0.2727272727272727,0.5185185185185185,-0.03125498365364782,0.48011363636363635
RFE_DT,71,DT,0.375,0.5454545454545454,0.4444444444444444,-0.04107709609613927,0.4602272727272727
RFE_DT,71,SVM,0.625,0.18181818181818182,0.4444444444444444,-0.16972865106406024,0.40340909090909083
RFE_DT,71,KNN,0.6875,0.18181818181818182,0.48148148148148145,-0.12259041190447599,0.43465909090909083
RFE_DT,72,DT,0.5,0.5454545454545454,0.5185185185185185,0.02414022747926338,0.5227272727272727
RFE_DT,72,SVM,0.6875,0.2727272727272727,0.5185185185185185,-0.03125498365364782,0.48011363636363635
RFE_DT,72,KNN,0.625,0.18181818181818182,0.4444444444444444,-0.16972865106406024,0.40340909090909083
RFE_DT,73,DT,0.5625,0.36363636363636365,0.48148148148148145,-0.04629648418672792,0.4630681818181819
RFE_DT,73,SVM,0.625,0.2727272727272727,0.48148148148148145,-0.07537783614444091,0.44886363636363635
RFE_DT,73,KNN,0.6875,0.2727272727272727,0.5185185185185185,-0.03125498365364782,0.48011363636363635
RFE_DT,74,DT,0.5,0.7272727272727273,0.5925925925925926,0.11363636363636363,0.6136363636363635
RFE_DT,74,SVM,0.6875,0.2727272727272727,0.5185185185185185,-0.03125498365364782,0.48011363636363635
RFE_DT,74,KNN,0.5625,0.36363636363636365,0.48148148148148145,-0.04629648418672792,0.4630681818181819
RFE_DT,75,DT,0.375,0.8181818181818182,0.5555555555555556,0.09551164718229263,0.5965909090909091
RFE_DT,75,SVM,0.375,0.5454545454545454,0.4444444444444444,-0.04107709609613927,0.4602272727272727
RFE_DT,75,KNN,0.5625,0.36363636363636365,0.48148148148148145,-0.04629648418672792,0.4630681818181819
RFE_DT,76,DT,0.4375,0.5454545454545454,0.48148148148148145,-0.008883363181483767,0.4914772727272727
RFE_DT,76,SVM,0.5625,0.2727272727272727,0.4444444444444444,-0.11569312604606714,0.41761363636363635
RFE_DT,76,KNN,0.5625,0.2727272727272727,0.4444444444444444,-0.11569312604606714,0.41761363636363635
RFE_DT,77,DT,0.625,0.5454545454545454,0.5925925925925926,0.09731236802019037,0.5852272727272727
RFE_DT,77,SVM,0.625,0.2727272727272727,0.48148148148148145,-0.07537783614444091,0.44886363636363635
RFE_DT,77,KNN,0.625,0.2727272727272727,0.48148148148148145,-0.07537783614444091,0.44886363636363635
RFE_DT,78,DT,0.5,0.8181818181818182,0.6296296296296297,0.15731330124142315,0.659090909090909
RFE_DT,78,SVM,0.5,0.36363636363636365,0.4444444444444444,-0.08257228238447704,0.43181818181818177
RFE_DT,78,KNN,0.5625,0.2727272727272727,0.4444444444444444,-0.11569312604606714,0.41761363636363635
RFE_DT,79,DT,0.625,0.36363636363636365,0.5185185185185185,-0.007463517925331652,0.4943181818181818
RFE_DT,79,SVM,0.625,0.2727272727272727,0.48148148148148145,-0.07537783614444091,0.44886363636363635
RFE_DT,79,KNN,0.5625,0.2727272727272727,0.4444444444444444,-0.11569312604606714,0.41761363636363635
RFE_DT,80,DT,0.5,0.8181818181818182,0.6296296296296297,0.15731330124142315,0.659090909090909
RFE_DT,80,SVM,0.625,0.2727272727272727,0.48148148148148145,-0.07537783614444091,0.44886363636363635
RFE_DT,80,KNN,0.625,0.36363636363636365,0.5185185185185185,-0.007463517925331652,0.4943181818181818
RFE_DT,81,DT,0.5625,0.7272727272727273,0.6296296296296297,0.1482959210322563,0.6448863636363636
RFE_DT,81,SVM,0.625,0.36363636363636365,0.5185185185185185,-0.007463517925331652,0.4943181818181818
RFE_DT,81,KNN,0.625,0.18181818181818182,0.4444444444444444,-0.16972865106406024,0.40340909090909083
RFE_DT,82,DT,0.5,0.7272727272727273,0.5925925925925926,0.11363636363636363,0.6136363636363635
RFE_DT,82,SVM,0.6875,0.5454545454545454,0.6296296296296297,0.14106098240681494,0.6164772727272727
RFE_DT,82,KNN,0.5625,0.45454545454545453,0.5185185185185185,0.009869275424396534,0.5085227272727273
RFE_DT,83,DT,0.5625,0.5454545454545454,0.5555555555555556,0.05906206184211177,0.5539772727272727
RFE_DT,83,SVM,0.6875,0.2727272727272727,0.5185185185185185,-0.03125498365364782,0.48011363636363635
RFE_DT,83,KNN,0.625,0.2727272727272727,0.48148148148148145,-0.07537783614444091,0.44886363636363635
RFE_DT,84,DT,0.625,0.7272727272727273,0.6666666666666666,0.18708676296429116,0.6761363636363636
RFE_DT,84,SVM,0.6875,0.36363636363636365,0.5555555555555556,0.03575484709670971,0.5255681818181819
RFE_DT,84,KNN,0.625,0.2727272727272727,0.48148148148148145,-0.07537783614444091,0.44886363636363635
RFE_DT,85,DT,0.4375,0.8181818181818182,0.5925925925925926,0.1256297269074015,0.6278409090909091
RFE_DT,85,SVM,0.625,0.36363636363636365,0.5185185185185185,-0.007463517925331652,0.4943181818181818
RFE_DT,85,KNN,0.625,0.36363636363636365,0.5185185185185185,-0.007463517925331652,0.4943181818181818
RFE_DT,86,DT,0.375,0.9090909090909091,0.5925925925925926,0.14245072057454744,0.6420454545454546
RFE_DT,86,SVM,0.75,0.2727272727272727,0.5555555555555556,0.019462473604038074,0.5113636363636364
RFE_DT,86,KNN,0.5625,0.18181818181818182,0.4074074074074074,-0.21367608086182116,0.3721590909090909
RFE_DT,87,DT,0.4375,0.8181818181818182,0.5925925925925926,0.1256297269074015,0.6278409090909091
RFE_DT,87,SVM,0.625,0.45454545454545453,0.5555555555555556,0.048167164724278275,0.5397727272727273
RFE_DT,87,KNN,0.5625,0.09090909090909091,0.37037037037037035,-0.3987013265322016,0.32670454545454547
RFE_DT,88,DT,0.3125,0.5454545454545454,0.4074074074074074,-0.07335195731453441,0.4289772727272727
RFE_DT,88,SVM,0.5625,0.18181818181818182,0.4074074074074074,-0.21367608086182116,0.3721590909090909
RFE_DT,88,KNN,0.5625,0.36363636363636365,0.48148148148148145,-0.04629648418672792,0.4630681818181819
RFE_DT,89,DT,0.5625,0.6363636363636364,0.5925925925925926,0.10453025125088636,0.5994318181818181
RFE_DT,89,SVM,0.625,0.45454545454545453,0.5555555555555556,0.048167164724278275,0.5397727272727273
RFE_DT,89,KNN,0.5625,0.2727272727272727,0.4444444444444444,-0.11569312604606714,0.41761363636363635
RFE_DT,90,DT,0.5,0.5454545454545454,0.5185185185185185,0.02414022747926338,0.5227272727272727
RFE_DT,90,SVM,0.6875,0.36363636363636365,0.5555555555555556,0.03575484709670971,0.5255681818181819
RFE_DT,90,KNN,0.625,0.2727272727272727,0.48148148148148145,-0.07537783614444091,0.44886363636363635
RFE_DT,91,DT,0.625,0.5454545454545454,0.5925925925925926,0.09731236802019037,0.5852272727272727
RFE_DT,91,SVM,0.625,0.09090909090909091,0.4074074074074074,-0.3440511766019877,0.3579545454545454
RFE_DT,91,KNN,0.625,0.2727272727272727,0.48148148148148145,-0.07537783614444091,0.44886363636363635
RFE_DT,92,DT,0.625,0.5454545454545454,0.5925925925925926,0.09731236802019037,0.5852272727272727
RFE_DT,92,SVM,0.6875,0.2727272727272727,0.5185185185185185,-0.03125498365364782,0.48011363636363635
RFE_DT,92,KNN,0.6875,0.2727272727272727,0.5185185185185185,-0.03125498365364782,0.48011363636363635
RFE_DT,93,DT,0.5,0.7272727272727273,0.5925925925925926,0.11363636363636363,0.6136363636363635
RFE_DT,93,SVM,0.625,0.2727272727272727,0.48148148148148145,-0.07537783614444091,0.44886363636363635
RFE_DT,93,KNN,0.5625,0.45454545454545453,0.5185185185185185,0.009869275424396534,0.5085227272727273
RFE_DT,94,DT,0.6875,0.5454545454545454,0.6296296296296297,0.14106098240681494,0.6164772727272727
RFE_DT,94,SVM,0.625,0.18181818181818182,0.4444444444444444,-0.16972865106406024,0.40340909090909083
RFE_DT,94,KNN,0.6875,0.18181818181818182,0.48148148148148145,-0.12259041190447599,0.43465909090909083
RFE_DT,95,DT,0.4375,0.5454545454545454,0.48148148148148145,-0.008883363181483767,0.4914772727272727
RFE_DT,95,SVM,0.5625,0.45454545454545453,0.5185185185185185,0.009869275424396534,0.5085227272727273
RFE_DT,95,KNN,0.5625,0.2727272727272727,0.4444444444444444,-0.11569312604606714,0.41761363636363635
RFE_DT,96,DT,0.5625,0.45454545454545453,0.5185185185185185,0.009869275424396534,0.5085227272727273
RFE_DT,96,SVM,0.6875,0.2727272727272727,0.5185185185185185,-0.03125498365364782,0.48011363636363635
RFE_DT,96,KNN,0.75,0.18181818181818182,0.5185185185185185,-0.06978631577988531,0.4659090909090909
RFE_DT,97,DT,0.375,0.6363636363636364,0.48148148148148145,0.005698028822981898,0.5056818181818181
RFE_DT,97,SVM,0.625,0.36363636363636365,0.5185185185185185,-0.007463517925331652,0.4943181818181818
RFE_DT,97,KNN,0.8125,0.2727272727272727,0.5925925925925926,0.08224396186997113,0.5426136363636364
RFE_DT,98,DT,0.625,0.45454545454545453,0.5555555555555556,0.048167164724278275,0.5397727272727273
RFE_DT,98,SVM,0.625,0.2727272727272727,0.48148148148148145,-0.07537783614444091,0.44886363636363635
RFE_DT,98,KNN,0.75,0.2727272727272727,0.5555555555555556,0.019462473604038074,0.5113636363636364
RFE_DT,99,DT,0.4375,0.8181818181818182,0.5925925925925926,0.1256297269074015,0.6278409090909091
RFE_DT,99,SVM,0.625,0.36363636363636365,0.5185185185185185,-0.007463517925331652,0.4943181818181818
RFE_DT,99,KNN,0.625,0.36363636363636365,0.5185185185185185,-0.007463517925331652,0.4943181818181818
RFE_DT,100,DT,0.5625,0.6363636363636364,0.5925925925925926,0.10453025125088636,0.5994318181818181
RFE_DT,100,SVM,0.625,0.2727272727272727,0.48148148148148145,-0.07537783614444091,0.44886363636363635
RFE_DT,100,KNN,0.625,0.2727272727272727,0.48148148148148145,-0.07537783614444091,0.44886363636363635
RFE_DT,101,DT,0.4375,0.8181818181818182,0.5925925925925926,0.1256297269074015,0.6278409090909091
RFE_DT,101,SVM,0.625,0.2727272727272727,0.48148148148148145,-0.07537783614444091,0.44886363636363635
RFE_DT,101,KNN,0.625,0.18181818181818182,0.4444444444444444,-0.16972865106406024,0.40340909090909083
RFE_DT,102,DT,0.5625,0.7272727272727273,0.6296296296296297,0.1482959210322563,0.6448863636363636
RFE_DT,102,SVM,0.625,0.2727272727272727,0.48148148148148145,-0.07537783614444091,0.44886363636363635
RFE_DT,102,KNN,0.5625,0.2727272727272727,0.4444444444444444,-0.11569312604606714,0.41761363636363635
RFE_DT,103,DT,0.4375,0.6363636363636364,0.5185185185185185,0.03722377385696935,0.5369318181818182
RFE_DT,103,SVM,0.625,0.2727272727272727,0.48148148148148145,-0.07537783614444091,0.44886363636363635
RFE_DT,103,KNN,0.6875,0.36363636363636365,0.5555555555555556,0.03575484709670971,0.5255681818181819
RFE_DT,104,DT,0.4375,0.45454545454545453,0.4444444444444444,-0.059213309367202295,0.4460227272727273
RFE_DT,104,SVM,0.625,0.36363636363636365,0.5185185185185185,-0.007463517925331652,0.4943181818181818
RFE_DT,104,KNN,0.625,0.36363636363636365,0.5185185185185185,-0.007463517925331652,0.4943181818181818
RFE_DT,105,DT,0.5,0.8181818181818182,0.6296296296296297,0.15731330124142315,0.659090909090909
RFE_DT,105,SVM,0.625,0.2727272727272727,0.48148148148148145,-0.07537783614444091,0.44886363636363635
RFE_DT,105,KNN,0.75,0.36363636363636365,0.5925925925925926,0.08646430798325933,0.5568181818181819
RFE_DT,106,DT,0.375,0.7272727272727273,0.5185185185185185,0.050564989684743156,0.5511363636363636
RFE_DT,106,SVM,0.625,0.2727272727272727,0.48148148148148145,-0.07537783614444091,0.44886363636363635
RFE_DT,106,KNN,0.75,0.2727272727272727,0.5555555555555556,0.019462473604038074,0.5113636363636364
RFE_DT,107,DT,0.375,0.8181818181818182,0.5555555555555556,0.09551164718229263,0.5965909090909091
RFE_DT,107,SVM,0.625,0.2727272727272727,0.48148148148148145,-0.07537783614444091,0.44886363636363635
RFE_DT,107,KNN,0.6875,0.2727272727272727,0.5185185185185185,-0.03125498365364782,0.48011363636363635
RFE_DT,108,DT,0.5,0.6363636363636364,0.5555555555555556,0.06978631577988531,0.5681818181818182
RFE_DT,108,SVM,0.625,0.2727272727272727,0.48148148148148145,-0.07537783614444091,0.44886363636363635
RFE_DT,108,KNN,0.6875,0.2727272727272727,0.5185185185185185,-0.03125498365364782,0.48011363636363635
RFE_DT,109,DT,0.5,0.6363636363636364,0.5555555555555556,0.06978631577988531,0.5681818181818182
RFE_DT,109,SVM,0.625,0.2727272727272727,0.48148148148148145,-0.07537783614444091,0.44886363636363635
RFE_DT,109,KNN,0.625,0.2727272727272727,0.48148148148148145,-0.07537783614444091,0.44886363636363635
RFE_DT,110,DT,0.4375,0.8181818181818182,0.5925925925925926,0.1256297269074015,0.6278409090909091
RFE_DT,110,SVM,0.625,0.2727272727272727,0.48148148148148145,-0.07537783614444091,0.44886363636363635
RFE_DT,110,KNN,0.6875,0.2727272727272727,0.5185185185185185,-0.03125498365364782,0.48011363636363635
RFE_DT,111,DT,0.5625,0.8181818181818182,0.6666666666666666,0.19184560372438048,0.6903409090909091
RFE_DT,111,SVM,0.625,0.2727272727272727,0.48148148148148145,-0.07537783614444091,0.44886363636363635
RFE_DT,111,KNN,0.6875,0.18181818181818182,0.48148148148148145,-0.12259041190447599,0.43465909090909083
RFE_DT,112,DT,0.375,0.5454545454545454,0.4444444444444444,-0.04107709609613927,0.4602272727272727
RFE_DT,112,SVM,0.625,0.2727272727272727,0.48148148148148145,-0.07537783614444091,0.44886363636363635
RFE_DT,112,KNN,0.5625,0.2727272727272727,0.4444444444444444,-0.11569312604606714,0.41761363636363635
RFE_DT,113,DT,0.5625,0.45454545454545453,0.5185185185185185,0.009869275424396534,0.5085227272727273
RFE_DT,113,SVM,0.625,0.2727272727272727,0.48148148148148145,-0.07537783614444091,0.44886363636363635
RFE_DT,113,KNN,0.625,0.18181818181818182,0.4444444444444444,-0.16972865106406024,0.40340909090909083
RFE_DT,114,DT,0.5625,0.6363636363636364,0.5925925925925926,0.10453025125088636,0.5994318181818181
RFE_DT,114,SVM,0.625,0.2727272727272727,0.48148148148148145,-0.07537783614444091,0.44886363636363635
RFE_DT,114,KNN,0.8125,0.18181818181818182,0.5555555555555556,-0.006560798513518475,0.4971590909090909
RFE_DT,115,DT,0.4375,0.6363636363636364,0.5185185185185185,0.03722377385696935,0.5369318181818182
RFE_DT,115,SVM,0.625,0.36363636363636365,0.5185185185185185,-0.007463517925331652,0.4943181818181818
RFE_DT,115,KNN,0.5625,0.18181818181818182,0.4074074074074074,-0.21367608086182116,0.3721590909090909
RFE_DT,116,DT,0.375,0.8181818181818182,0.5555555555555556,0.09551164718229263,0.5965909090909091
RFE_DT,116,SVM,0.5625,0.36363636363636365,0.48148148148148145,-0.04629648418672792,0.4630681818181819
RFE_DT,116,KNN,0.625,0.2727272727272727,0.48148148148148145,-0.07537783614444091,0.44886363636363635
RFE_DT,117,DT,0.5625,0.6363636363636364,0.5925925925925926,0.10453025125088636,0.5994318181818181
RFE_DT,117,SVM,0.625,0.36363636363636365,0.5185185185185185,-0.007463517925331652,0.4943181818181818
RFE_DT,117,KNN,0.625,0.2727272727272727,0.48148148148148145,-0.07537783614444091,0.44886363636363635
RFE_DT,118,DT,0.5,0.6363636363636364,0.5555555555555556,0.06978631577988531,0.5681818181818182
RFE_DT,118,SVM,0.625,0.36363636363636365,0.5185185185185185,-0.007463517925331652,0.4943181818181818
RFE_DT,118,KNN,0.8125,0.18181818181818182,0.5555555555555556,-0.006560798513518475,0.4971590909090909
RFE_DT,119,DT,0.3125,0.8181818181818182,0.5185185185185185,0.06585744605463807,0.5653409090909091
RFE_DT,119,SVM,0.5625,0.36363636363636365,0.48148148148148145,-0.04629648418672792,0.4630681818181819
RFE_DT,119,KNN,0.625,0.2727272727272727,0.48148148148148145,-0.07537783614444091,0.44886363636363635
RFE_DT,120,DT,0.5,0.7272727272727273,0.5925925925925926,0.11363636363636363,0.6136363636363635
RFE_DT,120,SVM,0.5625,0.36363636363636365,0.48148148148148145,-0.04629648418672792,0.4630681818181819
RFE_DT,120,KNN,0.5625,0.36363636363636365,0.48148148148148145,-0.04629648418672792,0.4630681818181819
RFE_DT,121,DT,0.5625,0.6363636363636364,0.5925925925925926,0.10453025125088636,0.5994318181818181
RFE_DT,121,SVM,0.625,0.36363636363636365,0.5185185185185185,-0.007463517925331652,0.4943181818181818
RFE_DT,121,KNN,0.5625,0.2727272727272727,0.4444444444444444,-0.11569312604606714,0.41761363636363635
RFE_DT,122,DT,0.3125,0.8181818181818182,0.5185185185185185,0.06585744605463807,0.5653409090909091
RFE_DT,122,SVM,0.5625,0.36363636363636365,0.48148148148148145,-0.04629648418672792,0.4630681818181819
RFE_DT,122,KNN,0.5625,0.18181818181818182,0.4074074074074074,-0.21367608086182116,0.3721590909090909
RFE_DT,123,DT,0.3125,0.8181818181818182,0.5185185185185185,0.06585744605463807,0.5653409090909091
RFE_DT,123,SVM,0.5625,0.36363636363636365,0.48148148148148145,-0.04629648418672792,0.4630681818181819
RFE_DT,123,KNN,0.5625,0.2727272727272727,0.4444444444444444,-0.11569312604606714,0.41761363636363635
RFE_DT,124,DT,0.3125,0.7272727272727273,0.48148148148148145,0.019886363636363636,0.5198863636363636
RFE_DT,124,SVM,0.5625,0.36363636363636365,0.48148148148148145,-0.04629648418672792,0.4630681818181819
RFE_DT,124,KNN,0.75,0.2727272727272727,0.5555555555555556,0.019462473604038074,0.5113636363636364
RFE_DT,125,DT,0.5625,0.7272727272727273,0.6296296296296297,0.1482959210322563,0.6448863636363636
RFE_DT,125,SVM,0.5625,0.36363636363636365,0.48148148148148145,-0.04629648418672792,0.4630681818181819
RFE_DT,125,KNN,0.5,0.2727272727272727,0.4074074074074074,-0.1538643637241659,0.38636363636363635
RFE_DT,126,DT,0.375,0.7272727272727273,0.5185185185185185,0.050564989684743156,0.5511363636363636
RFE_DT,126,SVM,0.5625,0.36363636363636365,0.48148148148148145,-0.04629648418672792,0.4630681818181819
RFE_DT,126,KNN,0.5625,0.2727272727272727,0.4444444444444444,-0.11569312604606714,0.41761363636363635
RFE_DT,127,DT,0.5,0.6363636363636364,0.5555555555555556,0.06978631577988531,0.5681818181818182
RFE_DT,127,SVM,0.5625,0.36363636363636365,0.48148148148148145,-0.04629648418672792,0.4630681818181819
RFE_DT,127,KNN,0.625,0.2727272727272727,0.48148148148148145,-0.07537783614444091,0.44886363636363635
RFE_DT,128,DT,0.5,0.7272727272727273,0.5925925925925926,0.11363636363636363,0.6136363636363635
RFE_DT,128,SVM,0.5625,0.36363636363636365,0.48148148148148145,-0.04629648418672792,0.4630681818181819
RFE_DT,128,KNN,0.5625,0.2727272727272727,0.4444444444444444,-0.11569312604606714,0.41761363636363635
RFE_DT,129,DT,0.4375,0.7272727272727273,0.5555555555555556,0.08146581671430841,0.5823863636363636
RFE_DT,129,SVM,0.5625,0.5454545454545454,0.5555555555555556,0.05906206184211177,0.5539772727272727
RFE_DT,129,KNN,0.6875,0.2727272727272727,0.5185185185185185,-0.03125498365364782,0.48011363636363635
RFE_DT,130,DT,0.4375,0.7272727272727273,0.5555555555555556,0.08146581671430841,0.5823863636363636
RFE_DT,130,SVM,0.5625,0.5454545454545454,0.5555555555555556,0.05906206184211177,0.5539772727272727
RFE_DT,130,KNN,0.6875,0.18181818181818182,0.48148148148148145,-0.12259041190447599,0.43465909090909083
RFE_DT,131,DT,0.4375,0.8181818181818182,0.5925925925925926,0.1256297269074015,0.6278409090909091
RFE_DT,131,SVM,0.5625,0.36363636363636365,0.48148148148148145,-0.04629648418672792,0.4630681818181819
RFE_DT,131,KNN,0.5625,0.2727272727272727,0.4444444444444444,-0.11569312604606714,0.41761363636363635
RFE_DT,132,DT,0.5625,0.7272727272727273,0.6296296296296297,0.1482959210322563,0.6448863636363636
RFE_DT,132,SVM,0.5625,0.36363636363636365,0.48148148148148145,-0.04629648418672792,0.4630681818181819
RFE_DT,132,KNN,0.625,0.2727272727272727,0.48148148148148145,-0.07537783614444091,0.44886363636363635
RFE_DT,133,DT,0.5625,0.7272727272727273,0.6296296296296297,0.1482959210322563,0.6448863636363636
RFE_DT,133,SVM,0.5625,0.36363636363636365,0.48148148148148145,-0.04629648418672792,0.4630681818181819
RFE_DT,133,KNN,0.625,0.2727272727272727,0.48148148148148145,-0.07537783614444091,0.44886363636363635
RFE_DT,134,DT,0.4375,0.6363636363636364,0.5185185185185185,0.03722377385696935,0.5369318181818182
RFE_DT,134,SVM,0.5625,0.36363636363636365,0.48148148148148145,-0.04629648418672792,0.4630681818181819
RFE_DT,134,KNN,0.625,0.36363636363636365,0.5185185185185185,-0.007463517925331652,0.4943181818181818
